INFO:aiogram.dispatcher:Start polling
INFO:aiogram.dispatcher:Run polling for bot @the_worldnews_bot id=8675249748 - 'NewsBot'
INFO:httpx:HTTP Request: GET https://vtomske.ru/ "HTTP/1.1 200 OK"
INFO:httpx:HTTP Request: GET https://vtomske.ru/ "HTTP/1.1 200 OK"
INFO:aiogram.event:Update id=937202955 is not handled. Duration 1406 ms by bot id=8675249748
ERROR:aiogram.event:Cause exception while process update id=937202955 by bot id=8675249748
TypeError: object NoneType can't be used in 'await' expression
Traceback (most recent call last):
  File "C:\Users\Acer\OneDrive\Documents\пїЅпїЅпїЅпїЅпїЅпїЅпїЅ пїЅпїЅпїЅпїЅ\пїЅпїЅпїЅпїЅпїЅпїЅпїЅпїЅпїЅпїЅпїЅпїЅпїЅпїЅпїЅпїЅ GitHub\my_git\productivity\venv\Lib\site-packages\aiogram\dispatcher\dispatcher.py", line 320, in _process_update
    response = await self.feed_update(bot, update, **kwargs)
               ^^^^^^^^^^^^^^^^^^^^^^^^^^^^^^^^^^^^^^^^^^^^^
  File "C:\Users\Acer\OneDrive\Documents\пїЅпїЅпїЅпїЅпїЅпїЅпїЅ пїЅпїЅпїЅпїЅ\пїЅпїЅпїЅпїЅпїЅпїЅпїЅпїЅпїЅпїЅпїЅпїЅпїЅпїЅпїЅпїЅ GitHub\my_git\productivity\venv\Lib\site-packages\aiogram\dispatcher\dispatcher.py", line 164, in feed_update
    response = await self.update.wrap_outer_middleware(
               ^^^^^^^^^^^^^^^^^^^^^^^^^^^^^^^^^^^^^^^^
  File "C:\Users\Acer\OneDrive\Documents\пїЅпїЅпїЅпїЅпїЅпїЅпїЅ пїЅпїЅпїЅпїЅ\пїЅпїЅпїЅпїЅпїЅпїЅпїЅпїЅпїЅпїЅпїЅпїЅпїЅпїЅпїЅпїЅ GitHub\my_git\productivity\venv\Lib\site-packages\aiogram\dispatcher\middlewares\error.py", line 27, in __call__
    return await handler(event, data)
           ^^^^^^^^^^^^^^^^^^^^^^^^^^
  File "C:\Users\Acer\OneDrive\Documents\пїЅпїЅпїЅпїЅпїЅпїЅпїЅ пїЅпїЅпїЅпїЅ\пїЅпїЅпїЅпїЅпїЅпїЅпїЅпїЅпїЅпїЅпїЅпїЅпїЅпїЅпїЅпїЅ GitHub\my_git\productivity\venv\Lib\site-packages\aiogram\dispatcher\middlewares\user_context.py", line 58, in __call__
    return await handler(event, data)
           ^^^^^^^^^^^^^^^^^^^^^^^^^^
  File "C:\Users\Acer\AppData\Local\Programs\Python\Python311\Lib\contextlib.py", line 222, in __aexit__
    await self.gen.athrow(typ, value, traceback)
  File "C:\Users\Acer\OneDrive\Documents\пїЅпїЅпїЅпїЅпїЅпїЅпїЅ пїЅпїЅпїЅпїЅ\пїЅпїЅпїЅпїЅпїЅпїЅпїЅпїЅпїЅпїЅпїЅпїЅпїЅпїЅпїЅпїЅ GitHub\my_git\productivity\venv\Lib\site-packages\aiogram\fsm\storage\memory.py", line 77, in lock
    yield
  File "C:\Users\Acer\OneDrive\Documents\пїЅпїЅпїЅпїЅпїЅпїЅпїЅ пїЅпїЅпїЅпїЅ\пїЅпїЅпїЅпїЅпїЅпїЅпїЅпїЅпїЅпїЅпїЅпїЅпїЅпїЅпїЅпїЅ GitHub\my_git\productivity\venv\Lib\site-packages\aiogram\fsm\middleware.py", line 43, in __call__
    return await handler(event, data)
           ^^^^^^^^^^^^^^^^^^^^^^^^^^
  File "C:\Users\Acer\OneDrive\Documents\пїЅпїЅпїЅпїЅпїЅпїЅпїЅ пїЅпїЅпїЅпїЅ\пїЅпїЅпїЅпїЅпїЅпїЅпїЅпїЅпїЅпїЅпїЅпїЅпїЅпїЅпїЅпїЅ GitHub\my_git\productivity\venv\Lib\site-packages\aiogram\dispatcher\event\telegram.py", line 126, in trigger
    return await wrapped_inner(event, kwargs)
           ^^^^^^^^^^^^^^^^^^^^^^^^^^^^^^^^^^
  File "C:\Users\Acer\OneDrive\Documents\пїЅпїЅпїЅпїЅпїЅпїЅпїЅ пїЅпїЅпїЅпїЅ\пїЅпїЅпїЅпїЅпїЅпїЅпїЅпїЅпїЅпїЅпїЅпїЅпїЅпїЅпїЅпїЅ GitHub\my_git\productivity\venv\Lib\site-packages\aiogram\dispatcher\event\handler.py", line 71, in call
    return await wrapped()
           ^^^^^^^^^^^^^^^
  File "C:\Users\Acer\OneDrive\Documents\пїЅпїЅпїЅпїЅпїЅпїЅпїЅ пїЅпїЅпїЅпїЅ\пїЅпїЅпїЅпїЅпїЅпїЅпїЅпїЅпїЅпїЅпїЅпїЅпїЅпїЅпїЅпїЅ GitHub\my_git\productivity\venv\Lib\site-packages\aiogram\dispatcher\dispatcher.py", line 283, in _listen_update
    return await self.propagate_event(update_type=update_type, event=event, **kwargs)
           ^^^^^^^^^^^^^^^^^^^^^^^^^^^^^^^^^^^^^^^^^^^^^^^^^^^^^^^^^^^^^^^^^^^^^^^^^^
  File "C:\Users\Acer\OneDrive\Documents\пїЅпїЅпїЅпїЅпїЅпїЅпїЅ пїЅпїЅпїЅпїЅ\пїЅпїЅпїЅпїЅпїЅпїЅпїЅпїЅпїЅпїЅпїЅпїЅпїЅпїЅпїЅпїЅ GitHub\my_git\productivity\venv\Lib\site-packages\aiogram\dispatcher\router.py", line 163, in propagate_event
    return await observer.wrap_outer_middleware(_wrapped, event=event, data=kwargs)
           ^^^^^^^^^^^^^^^^^^^^^^^^^^^^^^^^^^^^^^^^^^^^^^^^^^^^^^^^^^^^^^^^^^^^^^^^
  File "C:\Users\Acer\OneDrive\Documents\пїЅпїЅпїЅпїЅпїЅпїЅпїЅ пїЅпїЅпїЅпїЅ\пїЅпїЅпїЅпїЅпїЅпїЅпїЅпїЅпїЅпїЅпїЅпїЅпїЅпїЅпїЅпїЅ GitHub\my_git\productivity\venv\Lib\site-packages\aiogram\dispatcher\router.py", line 155, in _wrapped
    return await self._propagate_event(
           ^^^^^^^^^^^^^^^^^^^^^^^^^^^^
  File "C:\Users\Acer\OneDrive\Documents\пїЅпїЅпїЅпїЅпїЅпїЅпїЅ пїЅпїЅпїЅпїЅ\пїЅпїЅпїЅпїЅпїЅпїЅпїЅпїЅпїЅпїЅпїЅпїЅпїЅпїЅпїЅпїЅ GitHub\my_git\productivity\venv\Lib\site-packages\aiogram\dispatcher\router.py", line 191, in _propagate_event
    response = await router.propagate_event(update_type=update_type, event=event, **kwargs)
               ^^^^^^^^^^^^^^^^^^^^^^^^^^^^^^^^^^^^^^^^^^^^^^^^^^^^^^^^^^^^^^^^^^^^^^^^^^^^
  File "C:\Users\Acer\OneDrive\Documents\пїЅпїЅпїЅпїЅпїЅпїЅпїЅ пїЅпїЅпїЅпїЅ\пїЅпїЅпїЅпїЅпїЅпїЅпїЅпїЅпїЅпїЅпїЅпїЅпїЅпїЅпїЅпїЅ GitHub\my_git\productivity\venv\Lib\site-packages\aiogram\dispatcher\router.py", line 163, in propagate_event
    return await observer.wrap_outer_middleware(_wrapped, event=event, data=kwargs)
           ^^^^^^^^^^^^^^^^^^^^^^^^^^^^^^^^^^^^^^^^^^^^^^^^^^^^^^^^^^^^^^^^^^^^^^^^
  File "C:\Users\Acer\OneDrive\Documents\пїЅпїЅпїЅпїЅпїЅпїЅпїЅ пїЅпїЅпїЅпїЅ\пїЅпїЅпїЅпїЅпїЅпїЅпїЅпїЅпїЅпїЅпїЅпїЅпїЅпїЅпїЅпїЅ GitHub\my_git\productivity\venv\Lib\site-packages\aiogram\dispatcher\router.py", line 155, in _wrapped
    return await self._propagate_event(
           ^^^^^^^^^^^^^^^^^^^^^^^^^^^^
  File "C:\Users\Acer\OneDrive\Documents\пїЅпїЅпїЅпїЅпїЅпїЅпїЅ пїЅпїЅпїЅпїЅ\пїЅпїЅпїЅпїЅпїЅпїЅпїЅпїЅпїЅпїЅпїЅпїЅпїЅпїЅпїЅпїЅ GitHub\my_git\productivity\venv\Lib\site-packages\aiogram\dispatcher\router.py", line 183, in _propagate_event
    response = await observer.trigger(event, **kwargs)
               ^^^^^^^^^^^^^^^^^^^^^^^^^^^^^^^^^^^^^^^
  File "C:\Users\Acer\OneDrive\Documents\пїЅпїЅпїЅпїЅпїЅпїЅпїЅ пїЅпїЅпїЅпїЅ\пїЅпїЅпїЅпїЅпїЅпїЅпїЅпїЅпїЅпїЅпїЅпїЅпїЅпїЅпїЅпїЅ GitHub\my_git\productivity\venv\Lib\site-packages\aiogram\dispatcher\event\telegram.py", line 126, in trigger
    return await wrapped_inner(event, kwargs)
           ^^^^^^^^^^^^^^^^^^^^^^^^^^^^^^^^^^
  File "C:\Users\Acer\OneDrive\Documents\пїЅпїЅпїЅпїЅпїЅпїЅпїЅ пїЅпїЅпїЅпїЅ\пїЅпїЅпїЅпїЅпїЅпїЅпїЅпїЅпїЅпїЅпїЅпїЅпїЅпїЅпїЅпїЅ GitHub\my_git\productivity\venv\Lib\site-packages\aiogram\dispatcher\event\handler.py", line 71, in call
    return await wrapped()
           ^^^^^^^^^^^^^^^
  File "C:\Users\Acer\OneDrive\Documents\пїЅпїЅпїЅпїЅпїЅпїЅпїЅ пїЅпїЅпїЅпїЅ\пїЅпїЅпїЅпїЅпїЅпїЅпїЅпїЅпїЅпїЅпїЅпїЅпїЅпїЅпїЅпїЅ GitHub\my_git\productivity\app\bot\handlers\news.py", line 20, in process_command_news
    await news_repo.add_news()
  File "C:\Users\Acer\OneDrive\Documents\пїЅпїЅпїЅпїЅпїЅпїЅпїЅ пїЅпїЅпїЅпїЅ\пїЅпїЅпїЅпїЅпїЅпїЅпїЅпїЅпїЅпїЅпїЅпїЅпїЅпїЅпїЅпїЅ GitHub\my_git\productivity\app\repo\news.py", line 28, in add_news
    await session.add(news)
TypeError: object NoneType can't be used in 'await' expression
INFO:httpx:HTTP Request: GET https://vtomske.ru/ "HTTP/1.1 200 OK"
INFO:httpx:HTTP Request: GET https://vtomske.ru/ "HTTP/1.1 200 OK"
INFO:aiogram.event:Update id=937202956 is not handled. Duration 1016 ms by bot id=8675249748
ERROR:aiogram.event:Cause exception while process update id=937202956 by bot id=8675249748
TypeError: object NoneType can't be used in 'await' expression
Traceback (most recent call last):
  File "C:\Users\Acer\OneDrive\Documents\пїЅпїЅпїЅпїЅпїЅпїЅпїЅ пїЅпїЅпїЅпїЅ\пїЅпїЅпїЅпїЅпїЅпїЅпїЅпїЅпїЅпїЅпїЅпїЅпїЅпїЅпїЅпїЅ GitHub\my_git\productivity\venv\Lib\site-packages\aiogram\dispatcher\dispatcher.py", line 320, in _process_update
    response = await self.feed_update(bot, update, **kwargs)
               ^^^^^^^^^^^^^^^^^^^^^^^^^^^^^^^^^^^^^^^^^^^^^
  File "C:\Users\Acer\OneDrive\Documents\пїЅпїЅпїЅпїЅпїЅпїЅпїЅ пїЅпїЅпїЅпїЅ\пїЅпїЅпїЅпїЅпїЅпїЅпїЅпїЅпїЅпїЅпїЅпїЅпїЅпїЅпїЅпїЅ GitHub\my_git\productivity\venv\Lib\site-packages\aiogram\dispatcher\dispatcher.py", line 164, in feed_update
    response = await self.update.wrap_outer_middleware(
               ^^^^^^^^^^^^^^^^^^^^^^^^^^^^^^^^^^^^^^^^
  File "C:\Users\Acer\OneDrive\Documents\пїЅпїЅпїЅпїЅпїЅпїЅпїЅ пїЅпїЅпїЅпїЅ\пїЅпїЅпїЅпїЅпїЅпїЅпїЅпїЅпїЅпїЅпїЅпїЅпїЅпїЅпїЅпїЅ GitHub\my_git\productivity\venv\Lib\site-packages\aiogram\dispatcher\middlewares\error.py", line 27, in __call__
    return await handler(event, data)
           ^^^^^^^^^^^^^^^^^^^^^^^^^^
  File "C:\Users\Acer\OneDrive\Documents\пїЅпїЅпїЅпїЅпїЅпїЅпїЅ пїЅпїЅпїЅпїЅ\пїЅпїЅпїЅпїЅпїЅпїЅпїЅпїЅпїЅпїЅпїЅпїЅпїЅпїЅпїЅпїЅ GitHub\my_git\productivity\venv\Lib\site-packages\aiogram\dispatcher\middlewares\user_context.py", line 58, in __call__
    return await handler(event, data)
           ^^^^^^^^^^^^^^^^^^^^^^^^^^
  File "C:\Users\Acer\AppData\Local\Programs\Python\Python311\Lib\contextlib.py", line 222, in __aexit__
    await self.gen.athrow(typ, value, traceback)
  File "C:\Users\Acer\OneDrive\Documents\пїЅпїЅпїЅпїЅпїЅпїЅпїЅ пїЅпїЅпїЅпїЅ\пїЅпїЅпїЅпїЅпїЅпїЅпїЅпїЅпїЅпїЅпїЅпїЅпїЅпїЅпїЅпїЅ GitHub\my_git\productivity\venv\Lib\site-packages\aiogram\fsm\storage\memory.py", line 77, in lock
    yield
  File "C:\Users\Acer\OneDrive\Documents\пїЅпїЅпїЅпїЅпїЅпїЅпїЅ пїЅпїЅпїЅпїЅ\пїЅпїЅпїЅпїЅпїЅпїЅпїЅпїЅпїЅпїЅпїЅпїЅпїЅпїЅпїЅпїЅ GitHub\my_git\productivity\venv\Lib\site-packages\aiogram\fsm\middleware.py", line 43, in __call__
    return await handler(event, data)
           ^^^^^^^^^^^^^^^^^^^^^^^^^^
  File "C:\Users\Acer\OneDrive\Documents\пїЅпїЅпїЅпїЅпїЅпїЅпїЅ пїЅпїЅпїЅпїЅ\пїЅпїЅпїЅпїЅпїЅпїЅпїЅпїЅпїЅпїЅпїЅпїЅпїЅпїЅпїЅпїЅ GitHub\my_git\productivity\venv\Lib\site-packages\aiogram\dispatcher\event\telegram.py", line 126, in trigger
    return await wrapped_inner(event, kwargs)
           ^^^^^^^^^^^^^^^^^^^^^^^^^^^^^^^^^^
  File "C:\Users\Acer\OneDrive\Documents\пїЅпїЅпїЅпїЅпїЅпїЅпїЅ пїЅпїЅпїЅпїЅ\пїЅпїЅпїЅпїЅпїЅпїЅпїЅпїЅпїЅпїЅпїЅпїЅпїЅпїЅпїЅпїЅ GitHub\my_git\productivity\venv\Lib\site-packages\aiogram\dispatcher\event\handler.py", line 71, in call
    return await wrapped()
           ^^^^^^^^^^^^^^^
  File "C:\Users\Acer\OneDrive\Documents\пїЅпїЅпїЅпїЅпїЅпїЅпїЅ пїЅпїЅпїЅпїЅ\пїЅпїЅпїЅпїЅпїЅпїЅпїЅпїЅпїЅпїЅпїЅпїЅпїЅпїЅпїЅпїЅ GitHub\my_git\productivity\venv\Lib\site-packages\aiogram\dispatcher\dispatcher.py", line 283, in _listen_update
    return await self.propagate_event(update_type=update_type, event=event, **kwargs)
           ^^^^^^^^^^^^^^^^^^^^^^^^^^^^^^^^^^^^^^^^^^^^^^^^^^^^^^^^^^^^^^^^^^^^^^^^^^
  File "C:\Users\Acer\OneDrive\Documents\пїЅпїЅпїЅпїЅпїЅпїЅпїЅ пїЅпїЅпїЅпїЅ\пїЅпїЅпїЅпїЅпїЅпїЅпїЅпїЅпїЅпїЅпїЅпїЅпїЅпїЅпїЅпїЅ GitHub\my_git\productivity\venv\Lib\site-packages\aiogram\dispatcher\router.py", line 163, in propagate_event
    return await observer.wrap_outer_middleware(_wrapped, event=event, data=kwargs)
           ^^^^^^^^^^^^^^^^^^^^^^^^^^^^^^^^^^^^^^^^^^^^^^^^^^^^^^^^^^^^^^^^^^^^^^^^
  File "C:\Users\Acer\OneDrive\Documents\пїЅпїЅпїЅпїЅпїЅпїЅпїЅ пїЅпїЅпїЅпїЅ\пїЅпїЅпїЅпїЅпїЅпїЅпїЅпїЅпїЅпїЅпїЅпїЅпїЅпїЅпїЅпїЅ GitHub\my_git\productivity\venv\Lib\site-packages\aiogram\dispatcher\router.py", line 155, in _wrapped
    return await self._propagate_event(
           ^^^^^^^^^^^^^^^^^^^^^^^^^^^^
  File "C:\Users\Acer\OneDrive\Documents\пїЅпїЅпїЅпїЅпїЅпїЅпїЅ пїЅпїЅпїЅпїЅ\пїЅпїЅпїЅпїЅпїЅпїЅпїЅпїЅпїЅпїЅпїЅпїЅпїЅпїЅпїЅпїЅ GitHub\my_git\productivity\venv\Lib\site-packages\aiogram\dispatcher\router.py", line 191, in _propagate_event
    response = await router.propagate_event(update_type=update_type, event=event, **kwargs)
               ^^^^^^^^^^^^^^^^^^^^^^^^^^^^^^^^^^^^^^^^^^^^^^^^^^^^^^^^^^^^^^^^^^^^^^^^^^^^
  File "C:\Users\Acer\OneDrive\Documents\пїЅпїЅпїЅпїЅпїЅпїЅпїЅ пїЅпїЅпїЅпїЅ\пїЅпїЅпїЅпїЅпїЅпїЅпїЅпїЅпїЅпїЅпїЅпїЅпїЅпїЅпїЅпїЅ GitHub\my_git\productivity\venv\Lib\site-packages\aiogram\dispatcher\router.py", line 163, in propagate_event
    return await observer.wrap_outer_middleware(_wrapped, event=event, data=kwargs)
           ^^^^^^^^^^^^^^^^^^^^^^^^^^^^^^^^^^^^^^^^^^^^^^^^^^^^^^^^^^^^^^^^^^^^^^^^
  File "C:\Users\Acer\OneDrive\Documents\пїЅпїЅпїЅпїЅпїЅпїЅпїЅ пїЅпїЅпїЅпїЅ\пїЅпїЅпїЅпїЅпїЅпїЅпїЅпїЅпїЅпїЅпїЅпїЅпїЅпїЅпїЅпїЅ GitHub\my_git\productivity\venv\Lib\site-packages\aiogram\dispatcher\router.py", line 155, in _wrapped
    return await self._propagate_event(
           ^^^^^^^^^^^^^^^^^^^^^^^^^^^^
  File "C:\Users\Acer\OneDrive\Documents\пїЅпїЅпїЅпїЅпїЅпїЅпїЅ пїЅпїЅпїЅпїЅ\пїЅпїЅпїЅпїЅпїЅпїЅпїЅпїЅпїЅпїЅпїЅпїЅпїЅпїЅпїЅпїЅ GitHub\my_git\productivity\venv\Lib\site-packages\aiogram\dispatcher\router.py", line 183, in _propagate_event
    response = await observer.trigger(event, **kwargs)
               ^^^^^^^^^^^^^^^^^^^^^^^^^^^^^^^^^^^^^^^
  File "C:\Users\Acer\OneDrive\Documents\пїЅпїЅпїЅпїЅпїЅпїЅпїЅ пїЅпїЅпїЅпїЅ\пїЅпїЅпїЅпїЅпїЅпїЅпїЅпїЅпїЅпїЅпїЅпїЅпїЅпїЅпїЅпїЅ GitHub\my_git\productivity\venv\Lib\site-packages\aiogram\dispatcher\event\telegram.py", line 126, in trigger
    return await wrapped_inner(event, kwargs)
           ^^^^^^^^^^^^^^^^^^^^^^^^^^^^^^^^^^
  File "C:\Users\Acer\OneDrive\Documents\пїЅпїЅпїЅпїЅпїЅпїЅпїЅ пїЅпїЅпїЅпїЅ\пїЅпїЅпїЅпїЅпїЅпїЅпїЅпїЅпїЅпїЅпїЅпїЅпїЅпїЅпїЅпїЅ GitHub\my_git\productivity\venv\Lib\site-packages\aiogram\dispatcher\event\handler.py", line 71, in call
    return await wrapped()
           ^^^^^^^^^^^^^^^
  File "C:\Users\Acer\OneDrive\Documents\пїЅпїЅпїЅпїЅпїЅпїЅпїЅ пїЅпїЅпїЅпїЅ\пїЅпїЅпїЅпїЅпїЅпїЅпїЅпїЅпїЅпїЅпїЅпїЅпїЅпїЅпїЅпїЅ GitHub\my_git\productivity\app\bot\handlers\news.py", line 20, in process_command_news
    await news_repo.add_news()
  File "C:\Users\Acer\OneDrive\Documents\пїЅпїЅпїЅпїЅпїЅпїЅпїЅ пїЅпїЅпїЅпїЅ\пїЅпїЅпїЅпїЅпїЅпїЅпїЅпїЅпїЅпїЅпїЅпїЅпїЅпїЅпїЅпїЅ GitHub\my_git\productivity\app\repo\news.py", line 28, in add_news
    await session.add(news)
TypeError: object NoneType can't be used in 'await' expression
INFO:aiogram.event:Update id=937202957 is handled. Duration 265 ms by bot id=8675249748
INFO:httpx:HTTP Request: GET https://vtomske.ru/ "HTTP/1.1 200 OK"
INFO:httpx:HTTP Request: GET https://vtomske.ru/ "HTTP/1.1 200 OK"
INFO:aiogram.event:Update id=937202958 is not handled. Duration 1046 ms by bot id=8675249748
ERROR:aiogram.event:Cause exception while process update id=937202958 by bot id=8675249748
TypeError: object NoneType can't be used in 'await' expression
Traceback (most recent call last):
  File "C:\Users\Acer\OneDrive\Documents\пїЅпїЅпїЅпїЅпїЅпїЅпїЅ пїЅпїЅпїЅпїЅ\пїЅпїЅпїЅпїЅпїЅпїЅпїЅпїЅпїЅпїЅпїЅпїЅпїЅпїЅпїЅпїЅ GitHub\my_git\productivity\venv\Lib\site-packages\aiogram\dispatcher\dispatcher.py", line 320, in _process_update
    response = await self.feed_update(bot, update, **kwargs)
               ^^^^^^^^^^^^^^^^^^^^^^^^^^^^^^^^^^^^^^^^^^^^^
  File "C:\Users\Acer\OneDrive\Documents\пїЅпїЅпїЅпїЅпїЅпїЅпїЅ пїЅпїЅпїЅпїЅ\пїЅпїЅпїЅпїЅпїЅпїЅпїЅпїЅпїЅпїЅпїЅпїЅпїЅпїЅпїЅпїЅ GitHub\my_git\productivity\venv\Lib\site-packages\aiogram\dispatcher\dispatcher.py", line 164, in feed_update
    response = await self.update.wrap_outer_middleware(
               ^^^^^^^^^^^^^^^^^^^^^^^^^^^^^^^^^^^^^^^^
  File "C:\Users\Acer\OneDrive\Documents\пїЅпїЅпїЅпїЅпїЅпїЅпїЅ пїЅпїЅпїЅпїЅ\пїЅпїЅпїЅпїЅпїЅпїЅпїЅпїЅпїЅпїЅпїЅпїЅпїЅпїЅпїЅпїЅ GitHub\my_git\productivity\venv\Lib\site-packages\aiogram\dispatcher\middlewares\error.py", line 27, in __call__
    return await handler(event, data)
           ^^^^^^^^^^^^^^^^^^^^^^^^^^
  File "C:\Users\Acer\OneDrive\Documents\пїЅпїЅпїЅпїЅпїЅпїЅпїЅ пїЅпїЅпїЅпїЅ\пїЅпїЅпїЅпїЅпїЅпїЅпїЅпїЅпїЅпїЅпїЅпїЅпїЅпїЅпїЅпїЅ GitHub\my_git\productivity\venv\Lib\site-packages\aiogram\dispatcher\middlewares\user_context.py", line 58, in __call__
    return await handler(event, data)
           ^^^^^^^^^^^^^^^^^^^^^^^^^^
  File "C:\Users\Acer\AppData\Local\Programs\Python\Python311\Lib\contextlib.py", line 222, in __aexit__
    await self.gen.athrow(typ, value, traceback)
  File "C:\Users\Acer\OneDrive\Documents\пїЅпїЅпїЅпїЅпїЅпїЅпїЅ пїЅпїЅпїЅпїЅ\пїЅпїЅпїЅпїЅпїЅпїЅпїЅпїЅпїЅпїЅпїЅпїЅпїЅпїЅпїЅпїЅ GitHub\my_git\productivity\venv\Lib\site-packages\aiogram\fsm\storage\memory.py", line 77, in lock
    yield
  File "C:\Users\Acer\OneDrive\Documents\пїЅпїЅпїЅпїЅпїЅпїЅпїЅ пїЅпїЅпїЅпїЅ\пїЅпїЅпїЅпїЅпїЅпїЅпїЅпїЅпїЅпїЅпїЅпїЅпїЅпїЅпїЅпїЅ GitHub\my_git\productivity\venv\Lib\site-packages\aiogram\fsm\middleware.py", line 43, in __call__
    return await handler(event, data)
           ^^^^^^^^^^^^^^^^^^^^^^^^^^
  File "C:\Users\Acer\OneDrive\Documents\пїЅпїЅпїЅпїЅпїЅпїЅпїЅ пїЅпїЅпїЅпїЅ\пїЅпїЅпїЅпїЅпїЅпїЅпїЅпїЅпїЅпїЅпїЅпїЅпїЅпїЅпїЅпїЅ GitHub\my_git\productivity\venv\Lib\site-packages\aiogram\dispatcher\event\telegram.py", line 126, in trigger
    return await wrapped_inner(event, kwargs)
           ^^^^^^^^^^^^^^^^^^^^^^^^^^^^^^^^^^
  File "C:\Users\Acer\OneDrive\Documents\пїЅпїЅпїЅпїЅпїЅпїЅпїЅ пїЅпїЅпїЅпїЅ\пїЅпїЅпїЅпїЅпїЅпїЅпїЅпїЅпїЅпїЅпїЅпїЅпїЅпїЅпїЅпїЅ GitHub\my_git\productivity\venv\Lib\site-packages\aiogram\dispatcher\event\handler.py", line 71, in call
    return await wrapped()
           ^^^^^^^^^^^^^^^
  File "C:\Users\Acer\OneDrive\Documents\пїЅпїЅпїЅпїЅпїЅпїЅпїЅ пїЅпїЅпїЅпїЅ\пїЅпїЅпїЅпїЅпїЅпїЅпїЅпїЅпїЅпїЅпїЅпїЅпїЅпїЅпїЅпїЅ GitHub\my_git\productivity\venv\Lib\site-packages\aiogram\dispatcher\dispatcher.py", line 283, in _listen_update
    return await self.propagate_event(update_type=update_type, event=event, **kwargs)
           ^^^^^^^^^^^^^^^^^^^^^^^^^^^^^^^^^^^^^^^^^^^^^^^^^^^^^^^^^^^^^^^^^^^^^^^^^^
  File "C:\Users\Acer\OneDrive\Documents\пїЅпїЅпїЅпїЅпїЅпїЅпїЅ пїЅпїЅпїЅпїЅ\пїЅпїЅпїЅпїЅпїЅпїЅпїЅпїЅпїЅпїЅпїЅпїЅпїЅпїЅпїЅпїЅ GitHub\my_git\productivity\venv\Lib\site-packages\aiogram\dispatcher\router.py", line 163, in propagate_event
    return await observer.wrap_outer_middleware(_wrapped, event=event, data=kwargs)
           ^^^^^^^^^^^^^^^^^^^^^^^^^^^^^^^^^^^^^^^^^^^^^^^^^^^^^^^^^^^^^^^^^^^^^^^^
  File "C:\Users\Acer\OneDrive\Documents\пїЅпїЅпїЅпїЅпїЅпїЅпїЅ пїЅпїЅпїЅпїЅ\пїЅпїЅпїЅпїЅпїЅпїЅпїЅпїЅпїЅпїЅпїЅпїЅпїЅпїЅпїЅпїЅ GitHub\my_git\productivity\venv\Lib\site-packages\aiogram\dispatcher\router.py", line 155, in _wrapped
    return await self._propagate_event(
           ^^^^^^^^^^^^^^^^^^^^^^^^^^^^
  File "C:\Users\Acer\OneDrive\Documents\пїЅпїЅпїЅпїЅпїЅпїЅпїЅ пїЅпїЅпїЅпїЅ\пїЅпїЅпїЅпїЅпїЅпїЅпїЅпїЅпїЅпїЅпїЅпїЅпїЅпїЅпїЅпїЅ GitHub\my_git\productivity\venv\Lib\site-packages\aiogram\dispatcher\router.py", line 191, in _propagate_event
    response = await router.propagate_event(update_type=update_type, event=event, **kwargs)
               ^^^^^^^^^^^^^^^^^^^^^^^^^^^^^^^^^^^^^^^^^^^^^^^^^^^^^^^^^^^^^^^^^^^^^^^^^^^^
  File "C:\Users\Acer\OneDrive\Documents\пїЅпїЅпїЅпїЅпїЅпїЅпїЅ пїЅпїЅпїЅпїЅ\пїЅпїЅпїЅпїЅпїЅпїЅпїЅпїЅпїЅпїЅпїЅпїЅпїЅпїЅпїЅпїЅ GitHub\my_git\productivity\venv\Lib\site-packages\aiogram\dispatcher\router.py", line 163, in propagate_event
    return await observer.wrap_outer_middleware(_wrapped, event=event, data=kwargs)
           ^^^^^^^^^^^^^^^^^^^^^^^^^^^^^^^^^^^^^^^^^^^^^^^^^^^^^^^^^^^^^^^^^^^^^^^^
  File "C:\Users\Acer\OneDrive\Documents\пїЅпїЅпїЅпїЅпїЅпїЅпїЅ пїЅпїЅпїЅпїЅ\пїЅпїЅпїЅпїЅпїЅпїЅпїЅпїЅпїЅпїЅпїЅпїЅпїЅпїЅпїЅпїЅ GitHub\my_git\productivity\venv\Lib\site-packages\aiogram\dispatcher\router.py", line 155, in _wrapped
    return await self._propagate_event(
           ^^^^^^^^^^^^^^^^^^^^^^^^^^^^
  File "C:\Users\Acer\OneDrive\Documents\пїЅпїЅпїЅпїЅпїЅпїЅпїЅ пїЅпїЅпїЅпїЅ\пїЅпїЅпїЅпїЅпїЅпїЅпїЅпїЅпїЅпїЅпїЅпїЅпїЅпїЅпїЅпїЅ GitHub\my_git\productivity\venv\Lib\site-packages\aiogram\dispatcher\router.py", line 183, in _propagate_event
    response = await observer.trigger(event, **kwargs)
               ^^^^^^^^^^^^^^^^^^^^^^^^^^^^^^^^^^^^^^^
  File "C:\Users\Acer\OneDrive\Documents\пїЅпїЅпїЅпїЅпїЅпїЅпїЅ пїЅпїЅпїЅпїЅ\пїЅпїЅпїЅпїЅпїЅпїЅпїЅпїЅпїЅпїЅпїЅпїЅпїЅпїЅпїЅпїЅ GitHub\my_git\productivity\venv\Lib\site-packages\aiogram\dispatcher\event\telegram.py", line 126, in trigger
    return await wrapped_inner(event, kwargs)
           ^^^^^^^^^^^^^^^^^^^^^^^^^^^^^^^^^^
  File "C:\Users\Acer\OneDrive\Documents\пїЅпїЅпїЅпїЅпїЅпїЅпїЅ пїЅпїЅпїЅпїЅ\пїЅпїЅпїЅпїЅпїЅпїЅпїЅпїЅпїЅпїЅпїЅпїЅпїЅпїЅпїЅпїЅ GitHub\my_git\productivity\venv\Lib\site-packages\aiogram\dispatcher\event\handler.py", line 71, in call
    return await wrapped()
           ^^^^^^^^^^^^^^^
  File "C:\Users\Acer\OneDrive\Documents\пїЅпїЅпїЅпїЅпїЅпїЅпїЅ пїЅпїЅпїЅпїЅ\пїЅпїЅпїЅпїЅпїЅпїЅпїЅпїЅпїЅпїЅпїЅпїЅпїЅпїЅпїЅпїЅ GitHub\my_git\productivity\app\bot\handlers\news.py", line 20, in process_command_news
    await news_repo.add_news()
  File "C:\Users\Acer\OneDrive\Documents\пїЅпїЅпїЅпїЅпїЅпїЅпїЅ пїЅпїЅпїЅпїЅ\пїЅпїЅпїЅпїЅпїЅпїЅпїЅпїЅпїЅпїЅпїЅпїЅпїЅпїЅпїЅпїЅ GitHub\my_git\productivity\app\repo\news.py", line 28, in add_news
    await session.add(news)
TypeError: object NoneType can't be used in 'await' expression
INFO:aiogram.dispatcher:Polling stopped
ERROR:aiogram.dispatcher:Failed to fetch updates - TelegramNetworkError: HTTP Client says - ServerDisconnectedError: Server disconnected
WARNING:aiogram.dispatcher:Sleep for 1.000000 seconds and try again... (tryings = 0, bot id = 8675249748)
INFO:aiogram.dispatcher:Polling stopped for bot @the_worldnews_bot id=8675249748 - 'NewsBot'
INFO:aiogram.dispatcher:Start polling
INFO:aiogram.dispatcher:Run polling for bot @the_worldnews_bot id=8675249748 - 'NewsBot'
INFO:httpx:HTTP Request: GET https://vtomske.ru/ "HTTP/1.1 200 OK"
INFO:httpx:HTTP Request: GET https://vtomske.ru/ "HTTP/1.1 200 OK"
INFO:aiogram.event:Update id=937202959 is not handled. Duration 1515 ms by bot id=8675249748
ERROR:aiogram.event:Cause exception while process update id=937202959 by bot id=8675249748
TypeError: object NoneType can't be used in 'await' expression
Traceback (most recent call last):
  File "C:\Users\Acer\OneDrive\Documents\пїЅпїЅпїЅпїЅпїЅпїЅпїЅ пїЅпїЅпїЅпїЅ\пїЅпїЅпїЅпїЅпїЅпїЅпїЅпїЅпїЅпїЅпїЅпїЅпїЅпїЅпїЅпїЅ GitHub\my_git\productivity\venv\Lib\site-packages\aiogram\dispatcher\dispatcher.py", line 320, in _process_update
    response = await self.feed_update(bot, update, **kwargs)
               ^^^^^^^^^^^^^^^^^^^^^^^^^^^^^^^^^^^^^^^^^^^^^
  File "C:\Users\Acer\OneDrive\Documents\пїЅпїЅпїЅпїЅпїЅпїЅпїЅ пїЅпїЅпїЅпїЅ\пїЅпїЅпїЅпїЅпїЅпїЅпїЅпїЅпїЅпїЅпїЅпїЅпїЅпїЅпїЅпїЅ GitHub\my_git\productivity\venv\Lib\site-packages\aiogram\dispatcher\dispatcher.py", line 164, in feed_update
    response = await self.update.wrap_outer_middleware(
               ^^^^^^^^^^^^^^^^^^^^^^^^^^^^^^^^^^^^^^^^
  File "C:\Users\Acer\OneDrive\Documents\пїЅпїЅпїЅпїЅпїЅпїЅпїЅ пїЅпїЅпїЅпїЅ\пїЅпїЅпїЅпїЅпїЅпїЅпїЅпїЅпїЅпїЅпїЅпїЅпїЅпїЅпїЅпїЅ GitHub\my_git\productivity\venv\Lib\site-packages\aiogram\dispatcher\middlewares\error.py", line 27, in __call__
    return await handler(event, data)
           ^^^^^^^^^^^^^^^^^^^^^^^^^^
  File "C:\Users\Acer\OneDrive\Documents\пїЅпїЅпїЅпїЅпїЅпїЅпїЅ пїЅпїЅпїЅпїЅ\пїЅпїЅпїЅпїЅпїЅпїЅпїЅпїЅпїЅпїЅпїЅпїЅпїЅпїЅпїЅпїЅ GitHub\my_git\productivity\venv\Lib\site-packages\aiogram\dispatcher\middlewares\user_context.py", line 58, in __call__
    return await handler(event, data)
           ^^^^^^^^^^^^^^^^^^^^^^^^^^
  File "C:\Users\Acer\AppData\Local\Programs\Python\Python311\Lib\contextlib.py", line 222, in __aexit__
    await self.gen.athrow(typ, value, traceback)
  File "C:\Users\Acer\OneDrive\Documents\пїЅпїЅпїЅпїЅпїЅпїЅпїЅ пїЅпїЅпїЅпїЅ\пїЅпїЅпїЅпїЅпїЅпїЅпїЅпїЅпїЅпїЅпїЅпїЅпїЅпїЅпїЅпїЅ GitHub\my_git\productivity\venv\Lib\site-packages\aiogram\fsm\storage\memory.py", line 77, in lock
    yield
  File "C:\Users\Acer\OneDrive\Documents\пїЅпїЅпїЅпїЅпїЅпїЅпїЅ пїЅпїЅпїЅпїЅ\пїЅпїЅпїЅпїЅпїЅпїЅпїЅпїЅпїЅпїЅпїЅпїЅпїЅпїЅпїЅпїЅ GitHub\my_git\productivity\venv\Lib\site-packages\aiogram\fsm\middleware.py", line 43, in __call__
    return await handler(event, data)
           ^^^^^^^^^^^^^^^^^^^^^^^^^^
  File "C:\Users\Acer\OneDrive\Documents\пїЅпїЅпїЅпїЅпїЅпїЅпїЅ пїЅпїЅпїЅпїЅ\пїЅпїЅпїЅпїЅпїЅпїЅпїЅпїЅпїЅпїЅпїЅпїЅпїЅпїЅпїЅпїЅ GitHub\my_git\productivity\venv\Lib\site-packages\aiogram\dispatcher\event\telegram.py", line 126, in trigger
    return await wrapped_inner(event, kwargs)
           ^^^^^^^^^^^^^^^^^^^^^^^^^^^^^^^^^^
  File "C:\Users\Acer\OneDrive\Documents\пїЅпїЅпїЅпїЅпїЅпїЅпїЅ пїЅпїЅпїЅпїЅ\пїЅпїЅпїЅпїЅпїЅпїЅпїЅпїЅпїЅпїЅпїЅпїЅпїЅпїЅпїЅпїЅ GitHub\my_git\productivity\venv\Lib\site-packages\aiogram\dispatcher\event\handler.py", line 71, in call
    return await wrapped()
           ^^^^^^^^^^^^^^^
  File "C:\Users\Acer\OneDrive\Documents\пїЅпїЅпїЅпїЅпїЅпїЅпїЅ пїЅпїЅпїЅпїЅ\пїЅпїЅпїЅпїЅпїЅпїЅпїЅпїЅпїЅпїЅпїЅпїЅпїЅпїЅпїЅпїЅ GitHub\my_git\productivity\venv\Lib\site-packages\aiogram\dispatcher\dispatcher.py", line 283, in _listen_update
    return await self.propagate_event(update_type=update_type, event=event, **kwargs)
           ^^^^^^^^^^^^^^^^^^^^^^^^^^^^^^^^^^^^^^^^^^^^^^^^^^^^^^^^^^^^^^^^^^^^^^^^^^
  File "C:\Users\Acer\OneDrive\Documents\пїЅпїЅпїЅпїЅпїЅпїЅпїЅ пїЅпїЅпїЅпїЅ\пїЅпїЅпїЅпїЅпїЅпїЅпїЅпїЅпїЅпїЅпїЅпїЅпїЅпїЅпїЅпїЅ GitHub\my_git\productivity\venv\Lib\site-packages\aiogram\dispatcher\router.py", line 163, in propagate_event
    return await observer.wrap_outer_middleware(_wrapped, event=event, data=kwargs)
           ^^^^^^^^^^^^^^^^^^^^^^^^^^^^^^^^^^^^^^^^^^^^^^^^^^^^^^^^^^^^^^^^^^^^^^^^
  File "C:\Users\Acer\OneDrive\Documents\пїЅпїЅпїЅпїЅпїЅпїЅпїЅ пїЅпїЅпїЅпїЅ\пїЅпїЅпїЅпїЅпїЅпїЅпїЅпїЅпїЅпїЅпїЅпїЅпїЅпїЅпїЅпїЅ GitHub\my_git\productivity\venv\Lib\site-packages\aiogram\dispatcher\router.py", line 155, in _wrapped
    return await self._propagate_event(
           ^^^^^^^^^^^^^^^^^^^^^^^^^^^^
  File "C:\Users\Acer\OneDrive\Documents\пїЅпїЅпїЅпїЅпїЅпїЅпїЅ пїЅпїЅпїЅпїЅ\пїЅпїЅпїЅпїЅпїЅпїЅпїЅпїЅпїЅпїЅпїЅпїЅпїЅпїЅпїЅпїЅ GitHub\my_git\productivity\venv\Lib\site-packages\aiogram\dispatcher\router.py", line 191, in _propagate_event
    response = await router.propagate_event(update_type=update_type, event=event, **kwargs)
               ^^^^^^^^^^^^^^^^^^^^^^^^^^^^^^^^^^^^^^^^^^^^^^^^^^^^^^^^^^^^^^^^^^^^^^^^^^^^
  File "C:\Users\Acer\OneDrive\Documents\пїЅпїЅпїЅпїЅпїЅпїЅпїЅ пїЅпїЅпїЅпїЅ\пїЅпїЅпїЅпїЅпїЅпїЅпїЅпїЅпїЅпїЅпїЅпїЅпїЅпїЅпїЅпїЅ GitHub\my_git\productivity\venv\Lib\site-packages\aiogram\dispatcher\router.py", line 163, in propagate_event
    return await observer.wrap_outer_middleware(_wrapped, event=event, data=kwargs)
           ^^^^^^^^^^^^^^^^^^^^^^^^^^^^^^^^^^^^^^^^^^^^^^^^^^^^^^^^^^^^^^^^^^^^^^^^
  File "C:\Users\Acer\OneDrive\Documents\пїЅпїЅпїЅпїЅпїЅпїЅпїЅ пїЅпїЅпїЅпїЅ\пїЅпїЅпїЅпїЅпїЅпїЅпїЅпїЅпїЅпїЅпїЅпїЅпїЅпїЅпїЅпїЅ GitHub\my_git\productivity\venv\Lib\site-packages\aiogram\dispatcher\router.py", line 155, in _wrapped
    return await self._propagate_event(
           ^^^^^^^^^^^^^^^^^^^^^^^^^^^^
  File "C:\Users\Acer\OneDrive\Documents\пїЅпїЅпїЅпїЅпїЅпїЅпїЅ пїЅпїЅпїЅпїЅ\пїЅпїЅпїЅпїЅпїЅпїЅпїЅпїЅпїЅпїЅпїЅпїЅпїЅпїЅпїЅпїЅ GitHub\my_git\productivity\venv\Lib\site-packages\aiogram\dispatcher\router.py", line 183, in _propagate_event
    response = await observer.trigger(event, **kwargs)
               ^^^^^^^^^^^^^^^^^^^^^^^^^^^^^^^^^^^^^^^
  File "C:\Users\Acer\OneDrive\Documents\пїЅпїЅпїЅпїЅпїЅпїЅпїЅ пїЅпїЅпїЅпїЅ\пїЅпїЅпїЅпїЅпїЅпїЅпїЅпїЅпїЅпїЅпїЅпїЅпїЅпїЅпїЅпїЅ GitHub\my_git\productivity\venv\Lib\site-packages\aiogram\dispatcher\event\telegram.py", line 126, in trigger
    return await wrapped_inner(event, kwargs)
           ^^^^^^^^^^^^^^^^^^^^^^^^^^^^^^^^^^
  File "C:\Users\Acer\OneDrive\Documents\пїЅпїЅпїЅпїЅпїЅпїЅпїЅ пїЅпїЅпїЅпїЅ\пїЅпїЅпїЅпїЅпїЅпїЅпїЅпїЅпїЅпїЅпїЅпїЅпїЅпїЅпїЅпїЅ GitHub\my_git\productivity\venv\Lib\site-packages\aiogram\dispatcher\event\handler.py", line 71, in call
    return await wrapped()
           ^^^^^^^^^^^^^^^
  File "C:\Users\Acer\OneDrive\Documents\пїЅпїЅпїЅпїЅпїЅпїЅпїЅ пїЅпїЅпїЅпїЅ\пїЅпїЅпїЅпїЅпїЅпїЅпїЅпїЅпїЅпїЅпїЅпїЅпїЅпїЅпїЅпїЅ GitHub\my_git\productivity\app\bot\handlers\news.py", line 20, in process_command_news
    await news_repo.add_news()
  File "C:\Users\Acer\OneDrive\Documents\пїЅпїЅпїЅпїЅпїЅпїЅпїЅ пїЅпїЅпїЅпїЅ\пїЅпїЅпїЅпїЅпїЅпїЅпїЅпїЅпїЅпїЅпїЅпїЅпїЅпїЅпїЅпїЅ GitHub\my_git\productivity\app\repo\news.py", line 28, in add_news
    await session.add(news)
TypeError: object NoneType can't be used in 'await' expression
INFO:aiogram.dispatcher:Polling stopped
ERROR:aiogram.dispatcher:Failed to fetch updates - TelegramNetworkError: HTTP Client says - ServerDisconnectedError: Server disconnected
WARNING:aiogram.dispatcher:Sleep for 1.000000 seconds and try again... (tryings = 0, bot id = 8675249748)
INFO:aiogram.dispatcher:Polling stopped for bot @the_worldnews_bot id=8675249748 - 'NewsBot'
INFO:aiogram.dispatcher:Start polling
INFO:aiogram.dispatcher:Run polling for bot @the_worldnews_bot id=8675249748 - 'NewsBot'
INFO:httpx:HTTP Request: GET https://vtomske.ru/ "HTTP/1.1 200 OK"
ERROR:app.database.config_db:Database error: (sqlalchemy.dialects.postgresql.asyncpg.ProgrammingError) <class 'asyncpg.exceptions.UndefinedTableError'>: пїЅпїЅпїЅпїЅпїЅпїЅпїЅпїЅпїЅ "news" пїЅпїЅ пїЅпїЅпїЅпїЅпїЅпїЅпїЅпїЅпїЅпїЅ
[SQL: INSERT INTO news (title, url, source) VALUES ($1::VARCHAR, $2::VARCHAR, $3::VARCHAR) RETURNING news.id, news.time]
[parameters: ('пїЅпїЅпїЅпїЅпїЅпїЅпїЅпїЅпїЅ пїЅпїЅпїЅ-пїЅпїЅпїЅпїЅпїЅпїЅпїЅпїЅпїЅ пїЅпїЅпїЅпїЅпїЅпїЅпїЅпїЅпїЅпїЅпїЅпїЅ пїЅпїЅпїЅпїЅпїЅпїЅпїЅпїЅпїЅпїЅпїЅпїЅпїЅпїЅпїЅ пїЅпїЅпїЅпїЅпїЅпїЅпїЅ пїЅпїЅпїЅпїЅпїЅпїЅпїЅ пїЅпїЅпїЅпїЅпїЅпїЅ пїЅпїЅпїЅпїЅпїЅпїЅпїЅ', 'https://vtomske.ru/news/214509-arestovan-eks-nachalnik-departamenta-zdravoohraneniya-tomskoi-oblasti-robert-fidarov', 'vtomske')]
(Background on this error at: https://sqlalche.me/e/20/f405)
INFO:aiogram.event:Update id=937202960 is handled. Duration 1407 ms by bot id=8675249748
INFO:aiogram.dispatcher:Polling stopped
ERROR:aiogram.dispatcher:Failed to fetch updates - TelegramNetworkError: HTTP Client says - ServerDisconnectedError: Server disconnected
WARNING:aiogram.dispatcher:Sleep for 1.000000 seconds and try again... (tryings = 0, bot id = 8675249748)
INFO:aiogram.dispatcher:Polling stopped for bot @the_worldnews_bot id=8675249748 - 'NewsBot'
INFO:aiogram.dispatcher:Start polling
INFO:aiogram.dispatcher:Run polling for bot @the_worldnews_bot id=8675249748 - 'NewsBot'
INFO:httpx:HTTP Request: GET https://vtomske.ru/ "HTTP/1.1 200 OK"
ERROR:app.database.config_db:Database error: (sqlalchemy.dialects.postgresql.asyncpg.ProgrammingError) <class 'asyncpg.exceptions.UndefinedTableError'>: пїЅпїЅпїЅпїЅпїЅпїЅпїЅпїЅпїЅ "news" пїЅпїЅ пїЅпїЅпїЅпїЅпїЅпїЅпїЅпїЅпїЅпїЅ
[SQL: INSERT INTO news (title, url, source) VALUES ($1::VARCHAR, $2::VARCHAR, $3::VARCHAR) RETURNING news.id, news.time]
[parameters: ('пїЅпїЅпїЅпїЅпїЅпїЅпїЅпїЅпїЅ пїЅпїЅпїЅ-пїЅпїЅпїЅпїЅпїЅпїЅпїЅпїЅпїЅ пїЅпїЅпїЅпїЅпїЅпїЅпїЅпїЅпїЅпїЅпїЅпїЅ пїЅпїЅпїЅпїЅпїЅпїЅпїЅпїЅпїЅпїЅпїЅпїЅпїЅпїЅпїЅ пїЅпїЅпїЅпїЅпїЅпїЅпїЅ пїЅпїЅпїЅпїЅпїЅпїЅпїЅ пїЅпїЅпїЅпїЅпїЅпїЅ пїЅпїЅпїЅпїЅпїЅпїЅпїЅ', 'https://vtomske.ru/news/214509-arestovan-eks-nachalnik-departamenta-zdravoohraneniya-tomskoi-oblasti-robert-fidarov', 'vtomske')]
(Background on this error at: https://sqlalche.me/e/20/f405)
INFO:aiogram.event:Update id=937202961 is handled. Duration 1390 ms by bot id=8675249748
INFO:aiogram.dispatcher:Polling stopped
ERROR:aiogram.dispatcher:Failed to fetch updates - TelegramNetworkError: HTTP Client says - ServerDisconnectedError: Server disconnected
WARNING:aiogram.dispatcher:Sleep for 1.000000 seconds and try again... (tryings = 0, bot id = 8675249748)
INFO:aiogram.dispatcher:Polling stopped for bot @the_worldnews_bot id=8675249748 - 'NewsBot'
INFO:aiogram.dispatcher:Start polling
INFO:aiogram.dispatcher:Run polling for bot @the_worldnews_bot id=8675249748 - 'NewsBot'
INFO:httpx:HTTP Request: GET https://vtomske.ru/ "HTTP/1.1 200 OK"
ERROR:app.database.config_db:Database error: (sqlalchemy.dialects.postgresql.asyncpg.ProgrammingError) <class 'asyncpg.exceptions.UndefinedTableError'>: пїЅпїЅпїЅпїЅпїЅпїЅпїЅпїЅпїЅ "news" пїЅпїЅ пїЅпїЅпїЅпїЅпїЅпїЅпїЅпїЅпїЅпїЅ
[SQL: INSERT INTO news (title, url, source) VALUES ($1::VARCHAR, $2::VARCHAR, $3::VARCHAR) RETURNING news.id, news.time]
[parameters: ('пїЅпїЅпїЅпїЅпїЅпїЅпїЅпїЅпїЅ пїЅпїЅпїЅ-пїЅпїЅпїЅпїЅпїЅпїЅпїЅпїЅпїЅ пїЅпїЅпїЅпїЅпїЅпїЅпїЅпїЅпїЅпїЅпїЅпїЅ пїЅпїЅпїЅпїЅпїЅпїЅпїЅпїЅпїЅпїЅпїЅпїЅпїЅпїЅпїЅ пїЅпїЅпїЅпїЅпїЅпїЅпїЅ пїЅпїЅпїЅпїЅпїЅпїЅпїЅ пїЅпїЅпїЅпїЅпїЅпїЅ пїЅпїЅпїЅпїЅпїЅпїЅпїЅ', 'https://vtomske.ru/news/214509-arestovan-eks-nachalnik-departamenta-zdravoohraneniya-tomskoi-oblasti-robert-fidarov', 'vtomske')]
(Background on this error at: https://sqlalche.me/e/20/f405)
INFO:aiogram.event:Update id=937202962 is not handled. Duration 1484 ms by bot id=8675249748
ERROR:aiogram.event:Cause exception while process update id=937202962 by bot id=8675249748
TelegramBadRequest: Telegram server says - Bad Request: can't parse entities: Unsupported start tag "b/" at byte offset 161
Traceback (most recent call last):
  File "C:\Users\Acer\OneDrive\Documents\пїЅпїЅпїЅпїЅпїЅпїЅпїЅ пїЅпїЅпїЅпїЅ\пїЅпїЅпїЅпїЅпїЅпїЅпїЅпїЅпїЅпїЅпїЅпїЅпїЅпїЅпїЅпїЅ GitHub\my_git\productivity\venv\Lib\site-packages\aiogram\dispatcher\dispatcher.py", line 320, in _process_update
    response = await self.feed_update(bot, update, **kwargs)
               ^^^^^^^^^^^^^^^^^^^^^^^^^^^^^^^^^^^^^^^^^^^^^
  File "C:\Users\Acer\OneDrive\Documents\пїЅпїЅпїЅпїЅпїЅпїЅпїЅ пїЅпїЅпїЅпїЅ\пїЅпїЅпїЅпїЅпїЅпїЅпїЅпїЅпїЅпїЅпїЅпїЅпїЅпїЅпїЅпїЅ GitHub\my_git\productivity\venv\Lib\site-packages\aiogram\dispatcher\dispatcher.py", line 164, in feed_update
    response = await self.update.wrap_outer_middleware(
               ^^^^^^^^^^^^^^^^^^^^^^^^^^^^^^^^^^^^^^^^
  File "C:\Users\Acer\OneDrive\Documents\пїЅпїЅпїЅпїЅпїЅпїЅпїЅ пїЅпїЅпїЅпїЅ\пїЅпїЅпїЅпїЅпїЅпїЅпїЅпїЅпїЅпїЅпїЅпїЅпїЅпїЅпїЅпїЅ GitHub\my_git\productivity\venv\Lib\site-packages\aiogram\dispatcher\middlewares\error.py", line 27, in __call__
    return await handler(event, data)
           ^^^^^^^^^^^^^^^^^^^^^^^^^^
  File "C:\Users\Acer\OneDrive\Documents\пїЅпїЅпїЅпїЅпїЅпїЅпїЅ пїЅпїЅпїЅпїЅ\пїЅпїЅпїЅпїЅпїЅпїЅпїЅпїЅпїЅпїЅпїЅпїЅпїЅпїЅпїЅпїЅ GitHub\my_git\productivity\venv\Lib\site-packages\aiogram\dispatcher\middlewares\user_context.py", line 58, in __call__
    return await handler(event, data)
           ^^^^^^^^^^^^^^^^^^^^^^^^^^
  File "C:\Users\Acer\AppData\Local\Programs\Python\Python311\Lib\contextlib.py", line 222, in __aexit__
    await self.gen.athrow(typ, value, traceback)
  File "C:\Users\Acer\OneDrive\Documents\пїЅпїЅпїЅпїЅпїЅпїЅпїЅ пїЅпїЅпїЅпїЅ\пїЅпїЅпїЅпїЅпїЅпїЅпїЅпїЅпїЅпїЅпїЅпїЅпїЅпїЅпїЅпїЅ GitHub\my_git\productivity\venv\Lib\site-packages\aiogram\fsm\storage\memory.py", line 77, in lock
    yield
  File "C:\Users\Acer\OneDrive\Documents\пїЅпїЅпїЅпїЅпїЅпїЅпїЅ пїЅпїЅпїЅпїЅ\пїЅпїЅпїЅпїЅпїЅпїЅпїЅпїЅпїЅпїЅпїЅпїЅпїЅпїЅпїЅпїЅ GitHub\my_git\productivity\venv\Lib\site-packages\aiogram\fsm\middleware.py", line 43, in __call__
    return await handler(event, data)
           ^^^^^^^^^^^^^^^^^^^^^^^^^^
  File "C:\Users\Acer\OneDrive\Documents\пїЅпїЅпїЅпїЅпїЅпїЅпїЅ пїЅпїЅпїЅпїЅ\пїЅпїЅпїЅпїЅпїЅпїЅпїЅпїЅпїЅпїЅпїЅпїЅпїЅпїЅпїЅпїЅ GitHub\my_git\productivity\venv\Lib\site-packages\aiogram\dispatcher\event\telegram.py", line 126, in trigger
    return await wrapped_inner(event, kwargs)
           ^^^^^^^^^^^^^^^^^^^^^^^^^^^^^^^^^^
  File "C:\Users\Acer\OneDrive\Documents\пїЅпїЅпїЅпїЅпїЅпїЅпїЅ пїЅпїЅпїЅпїЅ\пїЅпїЅпїЅпїЅпїЅпїЅпїЅпїЅпїЅпїЅпїЅпїЅпїЅпїЅпїЅпїЅ GitHub\my_git\productivity\venv\Lib\site-packages\aiogram\dispatcher\event\handler.py", line 71, in call
    return await wrapped()
           ^^^^^^^^^^^^^^^
  File "C:\Users\Acer\OneDrive\Documents\пїЅпїЅпїЅпїЅпїЅпїЅпїЅ пїЅпїЅпїЅпїЅ\пїЅпїЅпїЅпїЅпїЅпїЅпїЅпїЅпїЅпїЅпїЅпїЅпїЅпїЅпїЅпїЅ GitHub\my_git\productivity\venv\Lib\site-packages\aiogram\dispatcher\dispatcher.py", line 283, in _listen_update
    return await self.propagate_event(update_type=update_type, event=event, **kwargs)
           ^^^^^^^^^^^^^^^^^^^^^^^^^^^^^^^^^^^^^^^^^^^^^^^^^^^^^^^^^^^^^^^^^^^^^^^^^^
  File "C:\Users\Acer\OneDrive\Documents\пїЅпїЅпїЅпїЅпїЅпїЅпїЅ пїЅпїЅпїЅпїЅ\пїЅпїЅпїЅпїЅпїЅпїЅпїЅпїЅпїЅпїЅпїЅпїЅпїЅпїЅпїЅпїЅ GitHub\my_git\productivity\venv\Lib\site-packages\aiogram\dispatcher\router.py", line 163, in propagate_event
    return await observer.wrap_outer_middleware(_wrapped, event=event, data=kwargs)
           ^^^^^^^^^^^^^^^^^^^^^^^^^^^^^^^^^^^^^^^^^^^^^^^^^^^^^^^^^^^^^^^^^^^^^^^^
  File "C:\Users\Acer\OneDrive\Documents\пїЅпїЅпїЅпїЅпїЅпїЅпїЅ пїЅпїЅпїЅпїЅ\пїЅпїЅпїЅпїЅпїЅпїЅпїЅпїЅпїЅпїЅпїЅпїЅпїЅпїЅпїЅпїЅ GitHub\my_git\productivity\venv\Lib\site-packages\aiogram\dispatcher\router.py", line 155, in _wrapped
    return await self._propagate_event(
           ^^^^^^^^^^^^^^^^^^^^^^^^^^^^
  File "C:\Users\Acer\OneDrive\Documents\пїЅпїЅпїЅпїЅпїЅпїЅпїЅ пїЅпїЅпїЅпїЅ\пїЅпїЅпїЅпїЅпїЅпїЅпїЅпїЅпїЅпїЅпїЅпїЅпїЅпїЅпїЅпїЅ GitHub\my_git\productivity\venv\Lib\site-packages\aiogram\dispatcher\router.py", line 191, in _propagate_event
    response = await router.propagate_event(update_type=update_type, event=event, **kwargs)
               ^^^^^^^^^^^^^^^^^^^^^^^^^^^^^^^^^^^^^^^^^^^^^^^^^^^^^^^^^^^^^^^^^^^^^^^^^^^^
  File "C:\Users\Acer\OneDrive\Documents\пїЅпїЅпїЅпїЅпїЅпїЅпїЅ пїЅпїЅпїЅпїЅ\пїЅпїЅпїЅпїЅпїЅпїЅпїЅпїЅпїЅпїЅпїЅпїЅпїЅпїЅпїЅпїЅ GitHub\my_git\productivity\venv\Lib\site-packages\aiogram\dispatcher\router.py", line 163, in propagate_event
    return await observer.wrap_outer_middleware(_wrapped, event=event, data=kwargs)
           ^^^^^^^^^^^^^^^^^^^^^^^^^^^^^^^^^^^^^^^^^^^^^^^^^^^^^^^^^^^^^^^^^^^^^^^^
  File "C:\Users\Acer\OneDrive\Documents\пїЅпїЅпїЅпїЅпїЅпїЅпїЅ пїЅпїЅпїЅпїЅ\пїЅпїЅпїЅпїЅпїЅпїЅпїЅпїЅпїЅпїЅпїЅпїЅпїЅпїЅпїЅпїЅ GitHub\my_git\productivity\venv\Lib\site-packages\aiogram\dispatcher\router.py", line 155, in _wrapped
    return await self._propagate_event(
           ^^^^^^^^^^^^^^^^^^^^^^^^^^^^
  File "C:\Users\Acer\OneDrive\Documents\пїЅпїЅпїЅпїЅпїЅпїЅпїЅ пїЅпїЅпїЅпїЅ\пїЅпїЅпїЅпїЅпїЅпїЅпїЅпїЅпїЅпїЅпїЅпїЅпїЅпїЅпїЅпїЅ GitHub\my_git\productivity\venv\Lib\site-packages\aiogram\dispatcher\router.py", line 183, in _propagate_event
    response = await observer.trigger(event, **kwargs)
               ^^^^^^^^^^^^^^^^^^^^^^^^^^^^^^^^^^^^^^^
  File "C:\Users\Acer\OneDrive\Documents\пїЅпїЅпїЅпїЅпїЅпїЅпїЅ пїЅпїЅпїЅпїЅ\пїЅпїЅпїЅпїЅпїЅпїЅпїЅпїЅпїЅпїЅпїЅпїЅпїЅпїЅпїЅпїЅ GitHub\my_git\productivity\venv\Lib\site-packages\aiogram\dispatcher\event\telegram.py", line 126, in trigger
    return await wrapped_inner(event, kwargs)
           ^^^^^^^^^^^^^^^^^^^^^^^^^^^^^^^^^^
  File "C:\Users\Acer\OneDrive\Documents\пїЅпїЅпїЅпїЅпїЅпїЅпїЅ пїЅпїЅпїЅпїЅ\пїЅпїЅпїЅпїЅпїЅпїЅпїЅпїЅпїЅпїЅпїЅпїЅпїЅпїЅпїЅпїЅ GitHub\my_git\productivity\venv\Lib\site-packages\aiogram\dispatcher\event\handler.py", line 71, in call
    return await wrapped()
           ^^^^^^^^^^^^^^^
  File "C:\Users\Acer\OneDrive\Documents\пїЅпїЅпїЅпїЅпїЅпїЅпїЅ пїЅпїЅпїЅпїЅ\пїЅпїЅпїЅпїЅпїЅпїЅпїЅпїЅпїЅпїЅпїЅпїЅпїЅпїЅпїЅпїЅ GitHub\my_git\productivity\app\bot\handlers\news.py", line 21, in process_command_news
    await message.answer(
  File "C:\Users\Acer\OneDrive\Documents\пїЅпїЅпїЅпїЅпїЅпїЅпїЅ пїЅпїЅпїЅпїЅ\пїЅпїЅпїЅпїЅпїЅпїЅпїЅпїЅпїЅпїЅпїЅпїЅпїЅпїЅпїЅпїЅ GitHub\my_git\productivity\venv\Lib\site-packages\aiogram\methods\base.py", line 82, in emit
    return await bot(self)
           ^^^^^^^^^^^^^^^
  File "C:\Users\Acer\OneDrive\Documents\пїЅпїЅпїЅпїЅпїЅпїЅпїЅ пїЅпїЅпїЅпїЅ\пїЅпїЅпїЅпїЅпїЅпїЅпїЅпїЅпїЅпїЅпїЅпїЅпїЅпїЅпїЅпїЅ GitHub\my_git\productivity\venv\Lib\site-packages\aiogram\client\bot.py", line 493, in __call__
    return await self.session(self, method, timeout=request_timeout)
           ^^^^^^^^^^^^^^^^^^^^^^^^^^^^^^^^^^^^^^^^^^^^^^^^^^^^^^^^^
  File "C:\Users\Acer\OneDrive\Documents\пїЅпїЅпїЅпїЅпїЅпїЅпїЅ пїЅпїЅпїЅпїЅ\пїЅпїЅпїЅпїЅпїЅпїЅпїЅпїЅпїЅпїЅпїЅпїЅпїЅпїЅпїЅпїЅ GitHub\my_git\productivity\venv\Lib\site-packages\aiogram\client\session\base.py", line 259, in __call__
    return cast(TelegramType, await middleware(bot, method))
                              ^^^^^^^^^^^^^^^^^^^^^^^^^^^^^
  File "C:\Users\Acer\OneDrive\Documents\пїЅпїЅпїЅпїЅпїЅпїЅпїЅ пїЅпїЅпїЅпїЅ\пїЅпїЅпїЅпїЅпїЅпїЅпїЅпїЅпїЅпїЅпїЅпїЅпїЅпїЅпїЅпїЅ GitHub\my_git\productivity\venv\Lib\site-packages\aiogram\client\session\aiohttp.py", line 177, in make_request
    response = self.check_response(
               ^^^^^^^^^^^^^^^^^^^^
  File "C:\Users\Acer\OneDrive\Documents\пїЅпїЅпїЅпїЅпїЅпїЅпїЅ пїЅпїЅпїЅпїЅ\пїЅпїЅпїЅпїЅпїЅпїЅпїЅпїЅпїЅпїЅпїЅпїЅпїЅпїЅпїЅпїЅ GitHub\my_git\productivity\venv\Lib\site-packages\aiogram\client\session\base.py", line 121, in check_response
    raise TelegramBadRequest(method=method, message=description)
aiogram.exceptions.TelegramBadRequest: Telegram server says - Bad Request: can't parse entities: Unsupported start tag "b/" at byte offset 161
INFO:aiogram.event:Update id=937202963 is not handled. Duration 5094 ms by bot id=8675249748
ERROR:aiogram.event:Cause exception while process update id=937202963 by bot id=8675249748
ConnectTimeout: 
Traceback (most recent call last):
  File "C:\Users\Acer\OneDrive\Documents\пїЅпїЅпїЅпїЅпїЅпїЅпїЅ пїЅпїЅпїЅпїЅ\пїЅпїЅпїЅпїЅпїЅпїЅпїЅпїЅпїЅпїЅпїЅпїЅпїЅпїЅпїЅпїЅ GitHub\my_git\productivity\venv\Lib\site-packages\httpx\_transports\default.py", line 101, in map_httpcore_exceptions
    yield
  File "C:\Users\Acer\OneDrive\Documents\пїЅпїЅпїЅпїЅпїЅпїЅпїЅ пїЅпїЅпїЅпїЅ\пїЅпїЅпїЅпїЅпїЅпїЅпїЅпїЅпїЅпїЅпїЅпїЅпїЅпїЅпїЅпїЅ GitHub\my_git\productivity\venv\Lib\site-packages\httpx\_transports\default.py", line 394, in handle_async_request
    resp = await self._pool.handle_async_request(req)
           ^^^^^^^^^^^^^^^^^^^^^^^^^^^^^^^^^^^^^^^^^^
  File "C:\Users\Acer\OneDrive\Documents\пїЅпїЅпїЅпїЅпїЅпїЅпїЅ пїЅпїЅпїЅпїЅ\пїЅпїЅпїЅпїЅпїЅпїЅпїЅпїЅпїЅпїЅпїЅпїЅпїЅпїЅпїЅпїЅ GitHub\my_git\productivity\venv\Lib\site-packages\httpcore\_async\connection_pool.py", line 256, in handle_async_request
    raise exc from None
  File "C:\Users\Acer\OneDrive\Documents\пїЅпїЅпїЅпїЅпїЅпїЅпїЅ пїЅпїЅпїЅпїЅ\пїЅпїЅпїЅпїЅпїЅпїЅпїЅпїЅпїЅпїЅпїЅпїЅпїЅпїЅпїЅпїЅ GitHub\my_git\productivity\venv\Lib\site-packages\httpcore\_async\connection_pool.py", line 236, in handle_async_request
    response = await connection.handle_async_request(
               ^^^^^^^^^^^^^^^^^^^^^^^^^^^^^^^^^^^^^^
  File "C:\Users\Acer\OneDrive\Documents\пїЅпїЅпїЅпїЅпїЅпїЅпїЅ пїЅпїЅпїЅпїЅ\пїЅпїЅпїЅпїЅпїЅпїЅпїЅпїЅпїЅпїЅпїЅпїЅпїЅпїЅпїЅпїЅ GitHub\my_git\productivity\venv\Lib\site-packages\httpcore\_async\http_proxy.py", line 316, in handle_async_request
    stream = await stream.start_tls(**kwargs)
             ^^^^^^^^^^^^^^^^^^^^^^^^^^^^^^^^
  File "C:\Users\Acer\OneDrive\Documents\пїЅпїЅпїЅпїЅпїЅпїЅпїЅ пїЅпїЅпїЅпїЅ\пїЅпїЅпїЅпїЅпїЅпїЅпїЅпїЅпїЅпїЅпїЅпїЅпїЅпїЅпїЅпїЅ GitHub\my_git\productivity\venv\Lib\site-packages\httpcore\_async\http11.py", line 376, in start_tls
    return await self._stream.start_tls(ssl_context, server_hostname, timeout)
           ^^^^^^^^^^^^^^^^^^^^^^^^^^^^^^^^^^^^^^^^^^^^^^^^^^^^^^^^^^^^^^^^^^^
  File "C:\Users\Acer\OneDrive\Documents\пїЅпїЅпїЅпїЅпїЅпїЅпїЅ пїЅпїЅпїЅпїЅ\пїЅпїЅпїЅпїЅпїЅпїЅпїЅпїЅпїЅпїЅпїЅпїЅпїЅпїЅпїЅпїЅ GitHub\my_git\productivity\venv\Lib\site-packages\httpcore\_backends\anyio.py", line 67, in start_tls
    with map_exceptions(exc_map):
  File "C:\Users\Acer\AppData\Local\Programs\Python\Python311\Lib\contextlib.py", line 155, in __exit__
    self.gen.throw(typ, value, traceback)
  File "C:\Users\Acer\OneDrive\Documents\пїЅпїЅпїЅпїЅпїЅпїЅпїЅ пїЅпїЅпїЅпїЅ\пїЅпїЅпїЅпїЅпїЅпїЅпїЅпїЅпїЅпїЅпїЅпїЅпїЅпїЅпїЅпїЅ GitHub\my_git\productivity\venv\Lib\site-packages\httpcore\_exceptions.py", line 14, in map_exceptions
    raise to_exc(exc) from exc
httpcore.ConnectTimeout

The above exception was the direct cause of the following exception:

Traceback (most recent call last):
  File "C:\Users\Acer\OneDrive\Documents\пїЅпїЅпїЅпїЅпїЅпїЅпїЅ пїЅпїЅпїЅпїЅ\пїЅпїЅпїЅпїЅпїЅпїЅпїЅпїЅпїЅпїЅпїЅпїЅпїЅпїЅпїЅпїЅ GitHub\my_git\productivity\venv\Lib\site-packages\aiogram\dispatcher\dispatcher.py", line 320, in _process_update
    response = await self.feed_update(bot, update, **kwargs)
               ^^^^^^^^^^^^^^^^^^^^^^^^^^^^^^^^^^^^^^^^^^^^^
  File "C:\Users\Acer\OneDrive\Documents\пїЅпїЅпїЅпїЅпїЅпїЅпїЅ пїЅпїЅпїЅпїЅ\пїЅпїЅпїЅпїЅпїЅпїЅпїЅпїЅпїЅпїЅпїЅпїЅпїЅпїЅпїЅпїЅ GitHub\my_git\productivity\venv\Lib\site-packages\aiogram\dispatcher\dispatcher.py", line 164, in feed_update
    response = await self.update.wrap_outer_middleware(
               ^^^^^^^^^^^^^^^^^^^^^^^^^^^^^^^^^^^^^^^^
  File "C:\Users\Acer\OneDrive\Documents\пїЅпїЅпїЅпїЅпїЅпїЅпїЅ пїЅпїЅпїЅпїЅ\пїЅпїЅпїЅпїЅпїЅпїЅпїЅпїЅпїЅпїЅпїЅпїЅпїЅпїЅпїЅпїЅ GitHub\my_git\productivity\venv\Lib\site-packages\aiogram\dispatcher\middlewares\error.py", line 27, in __call__
    return await handler(event, data)
           ^^^^^^^^^^^^^^^^^^^^^^^^^^
  File "C:\Users\Acer\OneDrive\Documents\пїЅпїЅпїЅпїЅпїЅпїЅпїЅ пїЅпїЅпїЅпїЅ\пїЅпїЅпїЅпїЅпїЅпїЅпїЅпїЅпїЅпїЅпїЅпїЅпїЅпїЅпїЅпїЅ GitHub\my_git\productivity\venv\Lib\site-packages\aiogram\dispatcher\middlewares\user_context.py", line 58, in __call__
    return await handler(event, data)
           ^^^^^^^^^^^^^^^^^^^^^^^^^^
  File "C:\Users\Acer\AppData\Local\Programs\Python\Python311\Lib\contextlib.py", line 222, in __aexit__
    await self.gen.athrow(typ, value, traceback)
  File "C:\Users\Acer\OneDrive\Documents\пїЅпїЅпїЅпїЅпїЅпїЅпїЅ пїЅпїЅпїЅпїЅ\пїЅпїЅпїЅпїЅпїЅпїЅпїЅпїЅпїЅпїЅпїЅпїЅпїЅпїЅпїЅпїЅ GitHub\my_git\productivity\venv\Lib\site-packages\aiogram\fsm\storage\memory.py", line 77, in lock
    yield
  File "C:\Users\Acer\OneDrive\Documents\пїЅпїЅпїЅпїЅпїЅпїЅпїЅ пїЅпїЅпїЅпїЅ\пїЅпїЅпїЅпїЅпїЅпїЅпїЅпїЅпїЅпїЅпїЅпїЅпїЅпїЅпїЅпїЅ GitHub\my_git\productivity\venv\Lib\site-packages\aiogram\fsm\middleware.py", line 43, in __call__
    return await handler(event, data)
           ^^^^^^^^^^^^^^^^^^^^^^^^^^
  File "C:\Users\Acer\OneDrive\Documents\пїЅпїЅпїЅпїЅпїЅпїЅпїЅ пїЅпїЅпїЅпїЅ\пїЅпїЅпїЅпїЅпїЅпїЅпїЅпїЅпїЅпїЅпїЅпїЅпїЅпїЅпїЅпїЅ GitHub\my_git\productivity\venv\Lib\site-packages\aiogram\dispatcher\event\telegram.py", line 126, in trigger
    return await wrapped_inner(event, kwargs)
           ^^^^^^^^^^^^^^^^^^^^^^^^^^^^^^^^^^
  File "C:\Users\Acer\OneDrive\Documents\пїЅпїЅпїЅпїЅпїЅпїЅпїЅ пїЅпїЅпїЅпїЅ\пїЅпїЅпїЅпїЅпїЅпїЅпїЅпїЅпїЅпїЅпїЅпїЅпїЅпїЅпїЅпїЅ GitHub\my_git\productivity\venv\Lib\site-packages\aiogram\dispatcher\event\handler.py", line 71, in call
    return await wrapped()
           ^^^^^^^^^^^^^^^
  File "C:\Users\Acer\OneDrive\Documents\пїЅпїЅпїЅпїЅпїЅпїЅпїЅ пїЅпїЅпїЅпїЅ\пїЅпїЅпїЅпїЅпїЅпїЅпїЅпїЅпїЅпїЅпїЅпїЅпїЅпїЅпїЅпїЅ GitHub\my_git\productivity\venv\Lib\site-packages\aiogram\dispatcher\dispatcher.py", line 283, in _listen_update
    return await self.propagate_event(update_type=update_type, event=event, **kwargs)
           ^^^^^^^^^^^^^^^^^^^^^^^^^^^^^^^^^^^^^^^^^^^^^^^^^^^^^^^^^^^^^^^^^^^^^^^^^^
  File "C:\Users\Acer\OneDrive\Documents\пїЅпїЅпїЅпїЅпїЅпїЅпїЅ пїЅпїЅпїЅпїЅ\пїЅпїЅпїЅпїЅпїЅпїЅпїЅпїЅпїЅпїЅпїЅпїЅпїЅпїЅпїЅпїЅ GitHub\my_git\productivity\venv\Lib\site-packages\aiogram\dispatcher\router.py", line 163, in propagate_event
    return await observer.wrap_outer_middleware(_wrapped, event=event, data=kwargs)
           ^^^^^^^^^^^^^^^^^^^^^^^^^^^^^^^^^^^^^^^^^^^^^^^^^^^^^^^^^^^^^^^^^^^^^^^^
  File "C:\Users\Acer\OneDrive\Documents\пїЅпїЅпїЅпїЅпїЅпїЅпїЅ пїЅпїЅпїЅпїЅ\пїЅпїЅпїЅпїЅпїЅпїЅпїЅпїЅпїЅпїЅпїЅпїЅпїЅпїЅпїЅпїЅ GitHub\my_git\productivity\venv\Lib\site-packages\aiogram\dispatcher\router.py", line 155, in _wrapped
    return await self._propagate_event(
           ^^^^^^^^^^^^^^^^^^^^^^^^^^^^
  File "C:\Users\Acer\OneDrive\Documents\пїЅпїЅпїЅпїЅпїЅпїЅпїЅ пїЅпїЅпїЅпїЅ\пїЅпїЅпїЅпїЅпїЅпїЅпїЅпїЅпїЅпїЅпїЅпїЅпїЅпїЅпїЅпїЅ GitHub\my_git\productivity\venv\Lib\site-packages\aiogram\dispatcher\router.py", line 191, in _propagate_event
    response = await router.propagate_event(update_type=update_type, event=event, **kwargs)
               ^^^^^^^^^^^^^^^^^^^^^^^^^^^^^^^^^^^^^^^^^^^^^^^^^^^^^^^^^^^^^^^^^^^^^^^^^^^^
  File "C:\Users\Acer\OneDrive\Documents\пїЅпїЅпїЅпїЅпїЅпїЅпїЅ пїЅпїЅпїЅпїЅ\пїЅпїЅпїЅпїЅпїЅпїЅпїЅпїЅпїЅпїЅпїЅпїЅпїЅпїЅпїЅпїЅ GitHub\my_git\productivity\venv\Lib\site-packages\aiogram\dispatcher\router.py", line 163, in propagate_event
    return await observer.wrap_outer_middleware(_wrapped, event=event, data=kwargs)
           ^^^^^^^^^^^^^^^^^^^^^^^^^^^^^^^^^^^^^^^^^^^^^^^^^^^^^^^^^^^^^^^^^^^^^^^^
  File "C:\Users\Acer\OneDrive\Documents\пїЅпїЅпїЅпїЅпїЅпїЅпїЅ пїЅпїЅпїЅпїЅ\пїЅпїЅпїЅпїЅпїЅпїЅпїЅпїЅпїЅпїЅпїЅпїЅпїЅпїЅпїЅпїЅ GitHub\my_git\productivity\venv\Lib\site-packages\aiogram\dispatcher\router.py", line 155, in _wrapped
    return await self._propagate_event(
           ^^^^^^^^^^^^^^^^^^^^^^^^^^^^
  File "C:\Users\Acer\OneDrive\Documents\пїЅпїЅпїЅпїЅпїЅпїЅпїЅ пїЅпїЅпїЅпїЅ\пїЅпїЅпїЅпїЅпїЅпїЅпїЅпїЅпїЅпїЅпїЅпїЅпїЅпїЅпїЅпїЅ GitHub\my_git\productivity\venv\Lib\site-packages\aiogram\dispatcher\router.py", line 183, in _propagate_event
    response = await observer.trigger(event, **kwargs)
               ^^^^^^^^^^^^^^^^^^^^^^^^^^^^^^^^^^^^^^^
  File "C:\Users\Acer\OneDrive\Documents\пїЅпїЅпїЅпїЅпїЅпїЅпїЅ пїЅпїЅпїЅпїЅ\пїЅпїЅпїЅпїЅпїЅпїЅпїЅпїЅпїЅпїЅпїЅпїЅпїЅпїЅпїЅпїЅ GitHub\my_git\productivity\venv\Lib\site-packages\aiogram\dispatcher\event\telegram.py", line 126, in trigger
    return await wrapped_inner(event, kwargs)
           ^^^^^^^^^^^^^^^^^^^^^^^^^^^^^^^^^^
  File "C:\Users\Acer\OneDrive\Documents\пїЅпїЅпїЅпїЅпїЅпїЅпїЅ пїЅпїЅпїЅпїЅ\пїЅпїЅпїЅпїЅпїЅпїЅпїЅпїЅпїЅпїЅпїЅпїЅпїЅпїЅпїЅпїЅ GitHub\my_git\productivity\venv\Lib\site-packages\aiogram\dispatcher\event\handler.py", line 71, in call
    return await wrapped()
           ^^^^^^^^^^^^^^^
  File "C:\Users\Acer\OneDrive\Documents\пїЅпїЅпїЅпїЅпїЅпїЅпїЅ пїЅпїЅпїЅпїЅ\пїЅпїЅпїЅпїЅпїЅпїЅпїЅпїЅпїЅпїЅпїЅпїЅпїЅпїЅпїЅпїЅ GitHub\my_git\productivity\app\bot\handlers\news.py", line 13, in process_command_news
    news_info = await process_vtomske()
                ^^^^^^^^^^^^^^^^^^^^^^^
  File "C:\Users\Acer\OneDrive\Documents\пїЅпїЅпїЅпїЅпїЅпїЅпїЅ пїЅпїЅпїЅпїЅ\пїЅпїЅпїЅпїЅпїЅпїЅпїЅпїЅпїЅпїЅпїЅпїЅпїЅпїЅпїЅпїЅ GitHub\my_git\productivity\app\news\vtomske.py", line 15, in process_vtomske
    response = await client.get(url)
               ^^^^^^^^^^^^^^^^^^^^^
  File "C:\Users\Acer\OneDrive\Documents\пїЅпїЅпїЅпїЅпїЅпїЅпїЅ пїЅпїЅпїЅпїЅ\пїЅпїЅпїЅпїЅпїЅпїЅпїЅпїЅпїЅпїЅпїЅпїЅпїЅпїЅпїЅпїЅ GitHub\my_git\productivity\venv\Lib\site-packages\httpx\_client.py", line 1768, in get
    return await self.request(
           ^^^^^^^^^^^^^^^^^^^
  File "C:\Users\Acer\OneDrive\Documents\пїЅпїЅпїЅпїЅпїЅпїЅпїЅ пїЅпїЅпїЅпїЅ\пїЅпїЅпїЅпїЅпїЅпїЅпїЅпїЅпїЅпїЅпїЅпїЅпїЅпїЅпїЅпїЅ GitHub\my_git\productivity\venv\Lib\site-packages\httpx\_client.py", line 1540, in request
    return await self.send(request, auth=auth, follow_redirects=follow_redirects)
           ^^^^^^^^^^^^^^^^^^^^^^^^^^^^^^^^^^^^^^^^^^^^^^^^^^^^^^^^^^^^^^^^^^^^^^
  File "C:\Users\Acer\OneDrive\Documents\пїЅпїЅпїЅпїЅпїЅпїЅпїЅ пїЅпїЅпїЅпїЅ\пїЅпїЅпїЅпїЅпїЅпїЅпїЅпїЅпїЅпїЅпїЅпїЅпїЅпїЅпїЅпїЅ GitHub\my_git\productivity\venv\Lib\site-packages\httpx\_client.py", line 1629, in send
    response = await self._send_handling_auth(
               ^^^^^^^^^^^^^^^^^^^^^^^^^^^^^^^
  File "C:\Users\Acer\OneDrive\Documents\пїЅпїЅпїЅпїЅпїЅпїЅпїЅ пїЅпїЅпїЅпїЅ\пїЅпїЅпїЅпїЅпїЅпїЅпїЅпїЅпїЅпїЅпїЅпїЅпїЅпїЅпїЅпїЅ GitHub\my_git\productivity\venv\Lib\site-packages\httpx\_client.py", line 1657, in _send_handling_auth
    response = await self._send_handling_redirects(
               ^^^^^^^^^^^^^^^^^^^^^^^^^^^^^^^^^^^^
  File "C:\Users\Acer\OneDrive\Documents\пїЅпїЅпїЅпїЅпїЅпїЅпїЅ пїЅпїЅпїЅпїЅ\пїЅпїЅпїЅпїЅпїЅпїЅпїЅпїЅпїЅпїЅпїЅпїЅпїЅпїЅпїЅпїЅ GitHub\my_git\productivity\venv\Lib\site-packages\httpx\_client.py", line 1694, in _send_handling_redirects
    response = await self._send_single_request(request)
               ^^^^^^^^^^^^^^^^^^^^^^^^^^^^^^^^^^^^^^^^
  File "C:\Users\Acer\OneDrive\Documents\пїЅпїЅпїЅпїЅпїЅпїЅпїЅ пїЅпїЅпїЅпїЅ\пїЅпїЅпїЅпїЅпїЅпїЅпїЅпїЅпїЅпїЅпїЅпїЅпїЅпїЅпїЅпїЅ GitHub\my_git\productivity\venv\Lib\site-packages\httpx\_client.py", line 1730, in _send_single_request
    response = await transport.handle_async_request(request)
               ^^^^^^^^^^^^^^^^^^^^^^^^^^^^^^^^^^^^^^^^^^^^^
  File "C:\Users\Acer\OneDrive\Documents\пїЅпїЅпїЅпїЅпїЅпїЅпїЅ пїЅпїЅпїЅпїЅ\пїЅпїЅпїЅпїЅпїЅпїЅпїЅпїЅпїЅпїЅпїЅпїЅпїЅпїЅпїЅпїЅ GitHub\my_git\productivity\venv\Lib\site-packages\httpx\_transports\default.py", line 393, in handle_async_request
    with map_httpcore_exceptions():
  File "C:\Users\Acer\AppData\Local\Programs\Python\Python311\Lib\contextlib.py", line 155, in __exit__
    self.gen.throw(typ, value, traceback)
  File "C:\Users\Acer\OneDrive\Documents\пїЅпїЅпїЅпїЅпїЅпїЅпїЅ пїЅпїЅпїЅпїЅ\пїЅпїЅпїЅпїЅпїЅпїЅпїЅпїЅпїЅпїЅпїЅпїЅпїЅпїЅпїЅпїЅ GitHub\my_git\productivity\venv\Lib\site-packages\httpx\_transports\default.py", line 118, in map_httpcore_exceptions
    raise mapped_exc(message) from exc
httpx.ConnectTimeout
INFO:aiogram.dispatcher:Polling stopped
ERROR:aiogram.dispatcher:Failed to fetch updates - TelegramNetworkError: HTTP Client says - ServerDisconnectedError: Server disconnected
WARNING:aiogram.dispatcher:Sleep for 1.000000 seconds and try again... (tryings = 0, bot id = 8675249748)
INFO:aiogram.dispatcher:Polling stopped for bot @the_worldnews_bot id=8675249748 - 'NewsBot'
INFO:aiogram.dispatcher:Start polling
INFO:aiogram.dispatcher:Run polling for bot @the_worldnews_bot id=8675249748 - 'NewsBot'
INFO:httpx:HTTP Request: GET https://vtomske.ru/ "HTTP/1.1 200 OK"
ERROR:app.database.config_db:Database error: (sqlalchemy.dialects.postgresql.asyncpg.ProgrammingError) <class 'asyncpg.exceptions.UndefinedTableError'>: пїЅпїЅпїЅпїЅпїЅпїЅпїЅпїЅпїЅ "news" пїЅпїЅ пїЅпїЅпїЅпїЅпїЅпїЅпїЅпїЅпїЅпїЅ
[SQL: INSERT INTO news (title, url, source) VALUES ($1::VARCHAR, $2::VARCHAR, $3::VARCHAR) RETURNING news.id, news.time]
[parameters: ('пїЅпїЅпїЅпїЅпїЅпїЅпїЅпїЅпїЅ пїЅпїЅпїЅ-пїЅпїЅпїЅпїЅпїЅпїЅпїЅпїЅпїЅ пїЅпїЅпїЅпїЅпїЅпїЅпїЅпїЅпїЅпїЅпїЅпїЅ пїЅпїЅпїЅпїЅпїЅпїЅпїЅпїЅпїЅпїЅпїЅпїЅпїЅпїЅпїЅ пїЅпїЅпїЅпїЅпїЅпїЅпїЅ пїЅпїЅпїЅпїЅпїЅпїЅпїЅ пїЅпїЅпїЅпїЅпїЅпїЅ пїЅпїЅпїЅпїЅпїЅпїЅпїЅ', 'https://vtomske.ru/news/214509-arestovan-eks-nachalnik-departamenta-zdravoohraneniya-tomskoi-oblasti-robert-fidarov', 'vtomske')]
(Background on this error at: https://sqlalche.me/e/20/f405)
INFO:aiogram.event:Update id=937202964 is handled. Duration 1329 ms by bot id=8675249748
INFO:aiogram.dispatcher:Polling stopped
ERROR:aiogram.dispatcher:Failed to fetch updates - TelegramNetworkError: HTTP Client says - ServerDisconnectedError: Server disconnected
WARNING:aiogram.dispatcher:Sleep for 1.000000 seconds and try again... (tryings = 0, bot id = 8675249748)
INFO:aiogram.dispatcher:Polling stopped for bot @the_worldnews_bot id=8675249748 - 'NewsBot'
INFO:aiogram.dispatcher:Start polling
INFO:aiogram.dispatcher:Run polling for bot @the_worldnews_bot id=8675249748 - 'NewsBot'
INFO:httpx:HTTP Request: GET https://vtomske.ru/ "HTTP/1.1 200 OK"
ERROR:app.database.config_db:Database error: (sqlalchemy.dialects.postgresql.asyncpg.ProgrammingError) <class 'asyncpg.exceptions.UndefinedTableError'>: пїЅпїЅпїЅпїЅпїЅпїЅпїЅпїЅпїЅ "news" пїЅпїЅ пїЅпїЅпїЅпїЅпїЅпїЅпїЅпїЅпїЅпїЅ
[SQL: INSERT INTO news (title, url, source) VALUES ($1::VARCHAR, $2::VARCHAR, $3::VARCHAR) RETURNING news.id, news.time]
[parameters: ('пїЅпїЅпїЅпїЅпїЅпїЅпїЅпїЅпїЅ пїЅпїЅпїЅ-пїЅпїЅпїЅпїЅпїЅпїЅпїЅпїЅпїЅ пїЅпїЅпїЅпїЅпїЅпїЅпїЅпїЅпїЅпїЅпїЅпїЅ пїЅпїЅпїЅпїЅпїЅпїЅпїЅпїЅпїЅпїЅпїЅпїЅпїЅпїЅпїЅ пїЅпїЅпїЅпїЅпїЅпїЅпїЅ пїЅпїЅпїЅпїЅпїЅпїЅпїЅ пїЅпїЅпїЅпїЅпїЅпїЅ пїЅпїЅпїЅпїЅпїЅпїЅпїЅ', 'https://vtomske.ru/news/214509-arestovan-eks-nachalnik-departamenta-zdravoohraneniya-tomskoi-oblasti-robert-fidarov', 'vtomske')]
(Background on this error at: https://sqlalche.me/e/20/f405)
INFO:aiogram.event:Update id=937202965 is handled. Duration 1436 ms by bot id=8675249748
INFO:aiogram.dispatcher:Polling stopped
ERROR:aiogram.dispatcher:Failed to fetch updates - TelegramNetworkError: HTTP Client says - ServerDisconnectedError: Server disconnected
WARNING:aiogram.dispatcher:Sleep for 1.000000 seconds and try again... (tryings = 0, bot id = 8675249748)
INFO:aiogram.dispatcher:Polling stopped for bot @the_worldnews_bot id=8675249748 - 'NewsBot'
INFO:aiogram.dispatcher:Start polling
INFO:aiogram.dispatcher:Run polling for bot @the_worldnews_bot id=8675249748 - 'NewsBot'
INFO:httpx:HTTP Request: GET https://vtomske.ru/ "HTTP/1.1 200 OK"
ERROR:app.database.config_db:Database error: (sqlalchemy.dialects.postgresql.asyncpg.ProgrammingError) <class 'asyncpg.exceptions.UndefinedTableError'>: пїЅпїЅпїЅпїЅпїЅпїЅпїЅпїЅпїЅ "news" пїЅпїЅ пїЅпїЅпїЅпїЅпїЅпїЅпїЅпїЅпїЅпїЅ
[SQL: INSERT INTO news (title, url, source) VALUES ($1::VARCHAR, $2::VARCHAR, $3::VARCHAR) RETURNING news.id, news.time]
[parameters: ('пїЅпїЅпїЅпїЅпїЅпїЅпїЅпїЅпїЅ пїЅпїЅпїЅ-пїЅпїЅпїЅпїЅпїЅпїЅпїЅпїЅпїЅ пїЅпїЅпїЅпїЅпїЅпїЅпїЅпїЅпїЅпїЅпїЅпїЅ пїЅпїЅпїЅпїЅпїЅпїЅпїЅпїЅпїЅпїЅпїЅпїЅпїЅпїЅпїЅ пїЅпїЅпїЅпїЅпїЅпїЅпїЅ пїЅпїЅпїЅпїЅпїЅпїЅпїЅ пїЅпїЅпїЅпїЅпїЅпїЅ пїЅпїЅпїЅпїЅпїЅпїЅпїЅ', 'https://vtomske.ru/news/214509-arestovan-eks-nachalnik-departamenta-zdravoohraneniya-tomskoi-oblasti-robert-fidarov', 'vtomske')]
(Background on this error at: https://sqlalche.me/e/20/f405)
INFO:aiogram.event:Update id=937202966 is handled. Duration 1359 ms by bot id=8675249748
INFO:aiogram.dispatcher:Polling stopped
ERROR:aiogram.dispatcher:Failed to fetch updates - TelegramNetworkError: HTTP Client says - ServerDisconnectedError: Server disconnected
WARNING:aiogram.dispatcher:Sleep for 1.000000 seconds and try again... (tryings = 0, bot id = 8675249748)
INFO:aiogram.dispatcher:Polling stopped for bot @the_worldnews_bot id=8675249748 - 'NewsBot'
INFO:aiogram.dispatcher:Start polling
INFO:aiogram.dispatcher:Run polling for bot @the_worldnews_bot id=8675249748 - 'NewsBot'
INFO:aiogram.event:Update id=937202967 is not handled. Duration 0 ms by bot id=8675249748
INFO:aiogram.event:Update id=937202968 is handled. Duration 266 ms by bot id=8675249748
INFO:aiogram.dispatcher:Polling stopped
ERROR:aiogram.dispatcher:Failed to fetch updates - TelegramNetworkError: HTTP Client says - ServerDisconnectedError: Server disconnected
WARNING:aiogram.dispatcher:Sleep for 1.000000 seconds and try again... (tryings = 0, bot id = 8675249748)
INFO:aiogram.dispatcher:Polling stopped for bot @the_worldnews_bot id=8675249748 - 'NewsBot'
INFO:aiogram.dispatcher:Polling stopped
ERROR:aiogram.dispatcher:Failed to fetch updates - TelegramNetworkError: HTTP Client says - ServerDisconnectedError: Server disconnected
WARNING:aiogram.dispatcher:Sleep for 1.000000 seconds and try again... (tryings = 0, bot id = 8675249748)
INFO:aiogram.dispatcher:Polling stopped for bot @the_worldnews_bot id=8675249748 - 'NewsBot'
INFO:httpx:HTTP Request: GET https://www.kommersant.ru/lenta/news?from=lenta_news "HTTP/1.1 200 OK"
INFO:httpx:HTTP Request: GET https://www.kommersant.ru/lenta/news?from=lenta_news "HTTP/1.1 200 OK"
INFO:httpx:HTTP Request: GET https://www.kommersant.ru/lenta/news?from=lenta_news "HTTP/1.1 200 OK"
INFO:httpx:HTTP Request: GET https://www.kommersant.ru/lenta/news?from=lenta_news "HTTP/1.1 200 OK"
INFO:httpx:HTTP Request: GET https://www.kommersant.ru/lenta/news?from=lenta_news "HTTP/1.1 200 OK"
INFO:httpx:HTTP Request: GET https://www.kommersant.ru/lenta/news?from=lenta_news "HTTP/1.1 200 OK"
INFO:aiogram.dispatcher:Start polling
INFO:aiogram.dispatcher:Run polling for bot @the_worldnews_bot id=8675249748 - 'NewsBot'
INFO:aiogram.event:Update id=937202983 is not handled. Duration 0 ms by bot id=8675249748
INFO:aiogram.event:Update id=937202984 is handled. Duration 266 ms by bot id=8675249748
INFO:aiogram.event:Update id=937202985 is handled. Duration 125 ms by bot id=8675249748
INFO:aiogram.dispatcher:Polling stopped
ERROR:aiogram.dispatcher:Failed to fetch updates - TelegramNetworkError: HTTP Client says - ServerDisconnectedError: Server disconnected
WARNING:aiogram.dispatcher:Sleep for 1.000000 seconds and try again... (tryings = 0, bot id = 8675249748)
INFO:aiogram.dispatcher:Polling stopped for bot @the_worldnews_bot id=8675249748 - 'NewsBot'
INFO:aiogram.dispatcher:Start polling
INFO:aiogram.dispatcher:Run polling for bot @the_worldnews_bot id=8675249748 - 'NewsBot'
INFO:aiogram.event:Update id=937202986 is not handled. Duration 0 ms by bot id=8675249748
ERROR:aiogram.event:Cause exception while process update id=937202986 by bot id=8675249748
ValueError: too many values to unpack (expected 2)
Traceback (most recent call last):
  File "C:\Users\Acer\OneDrive\Documents\Рабочий стол\Программирование GitHub\my_git\productivity\venv\Lib\site-packages\aiogram\dispatcher\dispatcher.py", line 320, in _process_update
    response = await self.feed_update(bot, update, **kwargs)
               ^^^^^^^^^^^^^^^^^^^^^^^^^^^^^^^^^^^^^^^^^^^^^
  File "C:\Users\Acer\OneDrive\Documents\Рабочий стол\Программирование GitHub\my_git\productivity\venv\Lib\site-packages\aiogram\dispatcher\dispatcher.py", line 164, in feed_update
    response = await self.update.wrap_outer_middleware(
               ^^^^^^^^^^^^^^^^^^^^^^^^^^^^^^^^^^^^^^^^
  File "C:\Users\Acer\OneDrive\Documents\Рабочий стол\Программирование GitHub\my_git\productivity\venv\Lib\site-packages\aiogram\dispatcher\middlewares\error.py", line 27, in __call__
    return await handler(event, data)
           ^^^^^^^^^^^^^^^^^^^^^^^^^^
  File "C:\Users\Acer\OneDrive\Documents\Рабочий стол\Программирование GitHub\my_git\productivity\venv\Lib\site-packages\aiogram\dispatcher\middlewares\user_context.py", line 58, in __call__
    return await handler(event, data)
           ^^^^^^^^^^^^^^^^^^^^^^^^^^
  File "C:\Users\Acer\AppData\Local\Programs\Python\Python311\Lib\contextlib.py", line 222, in __aexit__
    await self.gen.athrow(typ, value, traceback)
  File "C:\Users\Acer\OneDrive\Documents\Рабочий стол\Программирование GitHub\my_git\productivity\venv\Lib\site-packages\aiogram\fsm\storage\memory.py", line 77, in lock
    yield
  File "C:\Users\Acer\OneDrive\Documents\Рабочий стол\Программирование GitHub\my_git\productivity\venv\Lib\site-packages\aiogram\fsm\middleware.py", line 43, in __call__
    return await handler(event, data)
           ^^^^^^^^^^^^^^^^^^^^^^^^^^
  File "C:\Users\Acer\OneDrive\Documents\Рабочий стол\Программирование GitHub\my_git\productivity\venv\Lib\site-packages\aiogram\dispatcher\event\telegram.py", line 126, in trigger
    return await wrapped_inner(event, kwargs)
           ^^^^^^^^^^^^^^^^^^^^^^^^^^^^^^^^^^
  File "C:\Users\Acer\OneDrive\Documents\Рабочий стол\Программирование GitHub\my_git\productivity\venv\Lib\site-packages\aiogram\dispatcher\event\handler.py", line 71, in call
    return await wrapped()
           ^^^^^^^^^^^^^^^
  File "C:\Users\Acer\OneDrive\Documents\Рабочий стол\Программирование GitHub\my_git\productivity\venv\Lib\site-packages\aiogram\dispatcher\dispatcher.py", line 283, in _listen_update
    return await self.propagate_event(update_type=update_type, event=event, **kwargs)
           ^^^^^^^^^^^^^^^^^^^^^^^^^^^^^^^^^^^^^^^^^^^^^^^^^^^^^^^^^^^^^^^^^^^^^^^^^^
  File "C:\Users\Acer\OneDrive\Documents\Рабочий стол\Программирование GitHub\my_git\productivity\venv\Lib\site-packages\aiogram\dispatcher\router.py", line 163, in propagate_event
    return await observer.wrap_outer_middleware(_wrapped, event=event, data=kwargs)
           ^^^^^^^^^^^^^^^^^^^^^^^^^^^^^^^^^^^^^^^^^^^^^^^^^^^^^^^^^^^^^^^^^^^^^^^^
  File "C:\Users\Acer\OneDrive\Documents\Рабочий стол\Программирование GitHub\my_git\productivity\venv\Lib\site-packages\aiogram\dispatcher\router.py", line 155, in _wrapped
    return await self._propagate_event(
           ^^^^^^^^^^^^^^^^^^^^^^^^^^^^
  File "C:\Users\Acer\OneDrive\Documents\Рабочий стол\Программирование GitHub\my_git\productivity\venv\Lib\site-packages\aiogram\dispatcher\router.py", line 191, in _propagate_event
    response = await router.propagate_event(update_type=update_type, event=event, **kwargs)
               ^^^^^^^^^^^^^^^^^^^^^^^^^^^^^^^^^^^^^^^^^^^^^^^^^^^^^^^^^^^^^^^^^^^^^^^^^^^^
  File "C:\Users\Acer\OneDrive\Documents\Рабочий стол\Программирование GitHub\my_git\productivity\venv\Lib\site-packages\aiogram\dispatcher\router.py", line 163, in propagate_event
    return await observer.wrap_outer_middleware(_wrapped, event=event, data=kwargs)
           ^^^^^^^^^^^^^^^^^^^^^^^^^^^^^^^^^^^^^^^^^^^^^^^^^^^^^^^^^^^^^^^^^^^^^^^^
  File "C:\Users\Acer\OneDrive\Documents\Рабочий стол\Программирование GitHub\my_git\productivity\venv\Lib\site-packages\aiogram\dispatcher\router.py", line 155, in _wrapped
    return await self._propagate_event(
           ^^^^^^^^^^^^^^^^^^^^^^^^^^^^
  File "C:\Users\Acer\OneDrive\Documents\Рабочий стол\Программирование GitHub\my_git\productivity\venv\Lib\site-packages\aiogram\dispatcher\router.py", line 183, in _propagate_event
    response = await observer.trigger(event, **kwargs)
               ^^^^^^^^^^^^^^^^^^^^^^^^^^^^^^^^^^^^^^^
  File "C:\Users\Acer\OneDrive\Documents\Рабочий стол\Программирование GitHub\my_git\productivity\venv\Lib\site-packages\aiogram\dispatcher\event\telegram.py", line 126, in trigger
    return await wrapped_inner(event, kwargs)
           ^^^^^^^^^^^^^^^^^^^^^^^^^^^^^^^^^^
  File "C:\Users\Acer\OneDrive\Documents\Рабочий стол\Программирование GitHub\my_git\productivity\venv\Lib\site-packages\aiogram\dispatcher\event\handler.py", line 71, in call
    return await wrapped()
           ^^^^^^^^^^^^^^^
  File "C:\Users\Acer\OneDrive\Documents\Рабочий стол\Программирование GitHub\my_git\productivity\app\bot\handlers\news_source.py", line 12, in get_news_sources
    for source, link in SOURCE:
        ^^^^^^^^^^^^
ValueError: too many values to unpack (expected 2)
INFO:aiogram.event:Update id=937202987 is not handled. Duration 0 ms by bot id=8675249748
ERROR:aiogram.event:Cause exception while process update id=937202987 by bot id=8675249748
ValueError: too many values to unpack (expected 2)
Traceback (most recent call last):
  File "C:\Users\Acer\OneDrive\Documents\Рабочий стол\Программирование GitHub\my_git\productivity\venv\Lib\site-packages\aiogram\dispatcher\dispatcher.py", line 320, in _process_update
    response = await self.feed_update(bot, update, **kwargs)
               ^^^^^^^^^^^^^^^^^^^^^^^^^^^^^^^^^^^^^^^^^^^^^
  File "C:\Users\Acer\OneDrive\Documents\Рабочий стол\Программирование GitHub\my_git\productivity\venv\Lib\site-packages\aiogram\dispatcher\dispatcher.py", line 164, in feed_update
    response = await self.update.wrap_outer_middleware(
               ^^^^^^^^^^^^^^^^^^^^^^^^^^^^^^^^^^^^^^^^
  File "C:\Users\Acer\OneDrive\Documents\Рабочий стол\Программирование GitHub\my_git\productivity\venv\Lib\site-packages\aiogram\dispatcher\middlewares\error.py", line 27, in __call__
    return await handler(event, data)
           ^^^^^^^^^^^^^^^^^^^^^^^^^^
  File "C:\Users\Acer\OneDrive\Documents\Рабочий стол\Программирование GitHub\my_git\productivity\venv\Lib\site-packages\aiogram\dispatcher\middlewares\user_context.py", line 58, in __call__
    return await handler(event, data)
           ^^^^^^^^^^^^^^^^^^^^^^^^^^
  File "C:\Users\Acer\AppData\Local\Programs\Python\Python311\Lib\contextlib.py", line 222, in __aexit__
    await self.gen.athrow(typ, value, traceback)
  File "C:\Users\Acer\OneDrive\Documents\Рабочий стол\Программирование GitHub\my_git\productivity\venv\Lib\site-packages\aiogram\fsm\storage\memory.py", line 77, in lock
    yield
  File "C:\Users\Acer\OneDrive\Documents\Рабочий стол\Программирование GitHub\my_git\productivity\venv\Lib\site-packages\aiogram\fsm\middleware.py", line 43, in __call__
    return await handler(event, data)
           ^^^^^^^^^^^^^^^^^^^^^^^^^^
  File "C:\Users\Acer\OneDrive\Documents\Рабочий стол\Программирование GitHub\my_git\productivity\venv\Lib\site-packages\aiogram\dispatcher\event\telegram.py", line 126, in trigger
    return await wrapped_inner(event, kwargs)
           ^^^^^^^^^^^^^^^^^^^^^^^^^^^^^^^^^^
  File "C:\Users\Acer\OneDrive\Documents\Рабочий стол\Программирование GitHub\my_git\productivity\venv\Lib\site-packages\aiogram\dispatcher\event\handler.py", line 71, in call
    return await wrapped()
           ^^^^^^^^^^^^^^^
  File "C:\Users\Acer\OneDrive\Documents\Рабочий стол\Программирование GitHub\my_git\productivity\venv\Lib\site-packages\aiogram\dispatcher\dispatcher.py", line 283, in _listen_update
    return await self.propagate_event(update_type=update_type, event=event, **kwargs)
           ^^^^^^^^^^^^^^^^^^^^^^^^^^^^^^^^^^^^^^^^^^^^^^^^^^^^^^^^^^^^^^^^^^^^^^^^^^
  File "C:\Users\Acer\OneDrive\Documents\Рабочий стол\Программирование GitHub\my_git\productivity\venv\Lib\site-packages\aiogram\dispatcher\router.py", line 163, in propagate_event
    return await observer.wrap_outer_middleware(_wrapped, event=event, data=kwargs)
           ^^^^^^^^^^^^^^^^^^^^^^^^^^^^^^^^^^^^^^^^^^^^^^^^^^^^^^^^^^^^^^^^^^^^^^^^
  File "C:\Users\Acer\OneDrive\Documents\Рабочий стол\Программирование GitHub\my_git\productivity\venv\Lib\site-packages\aiogram\dispatcher\router.py", line 155, in _wrapped
    return await self._propagate_event(
           ^^^^^^^^^^^^^^^^^^^^^^^^^^^^
  File "C:\Users\Acer\OneDrive\Documents\Рабочий стол\Программирование GitHub\my_git\productivity\venv\Lib\site-packages\aiogram\dispatcher\router.py", line 191, in _propagate_event
    response = await router.propagate_event(update_type=update_type, event=event, **kwargs)
               ^^^^^^^^^^^^^^^^^^^^^^^^^^^^^^^^^^^^^^^^^^^^^^^^^^^^^^^^^^^^^^^^^^^^^^^^^^^^
  File "C:\Users\Acer\OneDrive\Documents\Рабочий стол\Программирование GitHub\my_git\productivity\venv\Lib\site-packages\aiogram\dispatcher\router.py", line 163, in propagate_event
    return await observer.wrap_outer_middleware(_wrapped, event=event, data=kwargs)
           ^^^^^^^^^^^^^^^^^^^^^^^^^^^^^^^^^^^^^^^^^^^^^^^^^^^^^^^^^^^^^^^^^^^^^^^^
  File "C:\Users\Acer\OneDrive\Documents\Рабочий стол\Программирование GitHub\my_git\productivity\venv\Lib\site-packages\aiogram\dispatcher\router.py", line 155, in _wrapped
    return await self._propagate_event(
           ^^^^^^^^^^^^^^^^^^^^^^^^^^^^
  File "C:\Users\Acer\OneDrive\Documents\Рабочий стол\Программирование GitHub\my_git\productivity\venv\Lib\site-packages\aiogram\dispatcher\router.py", line 183, in _propagate_event
    response = await observer.trigger(event, **kwargs)
               ^^^^^^^^^^^^^^^^^^^^^^^^^^^^^^^^^^^^^^^
  File "C:\Users\Acer\OneDrive\Documents\Рабочий стол\Программирование GitHub\my_git\productivity\venv\Lib\site-packages\aiogram\dispatcher\event\telegram.py", line 126, in trigger
    return await wrapped_inner(event, kwargs)
           ^^^^^^^^^^^^^^^^^^^^^^^^^^^^^^^^^^
  File "C:\Users\Acer\OneDrive\Documents\Рабочий стол\Программирование GitHub\my_git\productivity\venv\Lib\site-packages\aiogram\dispatcher\event\handler.py", line 71, in call
    return await wrapped()
           ^^^^^^^^^^^^^^^
  File "C:\Users\Acer\OneDrive\Documents\Рабочий стол\Программирование GitHub\my_git\productivity\app\bot\handlers\news_source.py", line 12, in get_news_sources
    for source, link in SOURCE:
        ^^^^^^^^^^^^
ValueError: too many values to unpack (expected 2)
INFO:aiogram.event:Update id=937202988 is not handled. Duration 0 ms by bot id=8675249748
ERROR:aiogram.event:Cause exception while process update id=937202988 by bot id=8675249748
ValueError: too many values to unpack (expected 2)
Traceback (most recent call last):
  File "C:\Users\Acer\OneDrive\Documents\Рабочий стол\Программирование GitHub\my_git\productivity\venv\Lib\site-packages\aiogram\dispatcher\dispatcher.py", line 320, in _process_update
    response = await self.feed_update(bot, update, **kwargs)
               ^^^^^^^^^^^^^^^^^^^^^^^^^^^^^^^^^^^^^^^^^^^^^
  File "C:\Users\Acer\OneDrive\Documents\Рабочий стол\Программирование GitHub\my_git\productivity\venv\Lib\site-packages\aiogram\dispatcher\dispatcher.py", line 164, in feed_update
    response = await self.update.wrap_outer_middleware(
               ^^^^^^^^^^^^^^^^^^^^^^^^^^^^^^^^^^^^^^^^
  File "C:\Users\Acer\OneDrive\Documents\Рабочий стол\Программирование GitHub\my_git\productivity\venv\Lib\site-packages\aiogram\dispatcher\middlewares\error.py", line 27, in __call__
    return await handler(event, data)
           ^^^^^^^^^^^^^^^^^^^^^^^^^^
  File "C:\Users\Acer\OneDrive\Documents\Рабочий стол\Программирование GitHub\my_git\productivity\venv\Lib\site-packages\aiogram\dispatcher\middlewares\user_context.py", line 58, in __call__
    return await handler(event, data)
           ^^^^^^^^^^^^^^^^^^^^^^^^^^
  File "C:\Users\Acer\AppData\Local\Programs\Python\Python311\Lib\contextlib.py", line 222, in __aexit__
    await self.gen.athrow(typ, value, traceback)
  File "C:\Users\Acer\OneDrive\Documents\Рабочий стол\Программирование GitHub\my_git\productivity\venv\Lib\site-packages\aiogram\fsm\storage\memory.py", line 77, in lock
    yield
  File "C:\Users\Acer\OneDrive\Documents\Рабочий стол\Программирование GitHub\my_git\productivity\venv\Lib\site-packages\aiogram\fsm\middleware.py", line 43, in __call__
    return await handler(event, data)
           ^^^^^^^^^^^^^^^^^^^^^^^^^^
  File "C:\Users\Acer\OneDrive\Documents\Рабочий стол\Программирование GitHub\my_git\productivity\venv\Lib\site-packages\aiogram\dispatcher\event\telegram.py", line 126, in trigger
    return await wrapped_inner(event, kwargs)
           ^^^^^^^^^^^^^^^^^^^^^^^^^^^^^^^^^^
  File "C:\Users\Acer\OneDrive\Documents\Рабочий стол\Программирование GitHub\my_git\productivity\venv\Lib\site-packages\aiogram\dispatcher\event\handler.py", line 71, in call
    return await wrapped()
           ^^^^^^^^^^^^^^^
  File "C:\Users\Acer\OneDrive\Documents\Рабочий стол\Программирование GitHub\my_git\productivity\venv\Lib\site-packages\aiogram\dispatcher\dispatcher.py", line 283, in _listen_update
    return await self.propagate_event(update_type=update_type, event=event, **kwargs)
           ^^^^^^^^^^^^^^^^^^^^^^^^^^^^^^^^^^^^^^^^^^^^^^^^^^^^^^^^^^^^^^^^^^^^^^^^^^
  File "C:\Users\Acer\OneDrive\Documents\Рабочий стол\Программирование GitHub\my_git\productivity\venv\Lib\site-packages\aiogram\dispatcher\router.py", line 163, in propagate_event
    return await observer.wrap_outer_middleware(_wrapped, event=event, data=kwargs)
           ^^^^^^^^^^^^^^^^^^^^^^^^^^^^^^^^^^^^^^^^^^^^^^^^^^^^^^^^^^^^^^^^^^^^^^^^
  File "C:\Users\Acer\OneDrive\Documents\Рабочий стол\Программирование GitHub\my_git\productivity\venv\Lib\site-packages\aiogram\dispatcher\router.py", line 155, in _wrapped
    return await self._propagate_event(
           ^^^^^^^^^^^^^^^^^^^^^^^^^^^^
  File "C:\Users\Acer\OneDrive\Documents\Рабочий стол\Программирование GitHub\my_git\productivity\venv\Lib\site-packages\aiogram\dispatcher\router.py", line 191, in _propagate_event
    response = await router.propagate_event(update_type=update_type, event=event, **kwargs)
               ^^^^^^^^^^^^^^^^^^^^^^^^^^^^^^^^^^^^^^^^^^^^^^^^^^^^^^^^^^^^^^^^^^^^^^^^^^^^
  File "C:\Users\Acer\OneDrive\Documents\Рабочий стол\Программирование GitHub\my_git\productivity\venv\Lib\site-packages\aiogram\dispatcher\router.py", line 163, in propagate_event
    return await observer.wrap_outer_middleware(_wrapped, event=event, data=kwargs)
           ^^^^^^^^^^^^^^^^^^^^^^^^^^^^^^^^^^^^^^^^^^^^^^^^^^^^^^^^^^^^^^^^^^^^^^^^
  File "C:\Users\Acer\OneDrive\Documents\Рабочий стол\Программирование GitHub\my_git\productivity\venv\Lib\site-packages\aiogram\dispatcher\router.py", line 155, in _wrapped
    return await self._propagate_event(
           ^^^^^^^^^^^^^^^^^^^^^^^^^^^^
  File "C:\Users\Acer\OneDrive\Documents\Рабочий стол\Программирование GitHub\my_git\productivity\venv\Lib\site-packages\aiogram\dispatcher\router.py", line 183, in _propagate_event
    response = await observer.trigger(event, **kwargs)
               ^^^^^^^^^^^^^^^^^^^^^^^^^^^^^^^^^^^^^^^
  File "C:\Users\Acer\OneDrive\Documents\Рабочий стол\Программирование GitHub\my_git\productivity\venv\Lib\site-packages\aiogram\dispatcher\event\telegram.py", line 126, in trigger
    return await wrapped_inner(event, kwargs)
           ^^^^^^^^^^^^^^^^^^^^^^^^^^^^^^^^^^
  File "C:\Users\Acer\OneDrive\Documents\Рабочий стол\Программирование GitHub\my_git\productivity\venv\Lib\site-packages\aiogram\dispatcher\event\handler.py", line 71, in call
    return await wrapped()
           ^^^^^^^^^^^^^^^
  File "C:\Users\Acer\OneDrive\Documents\Рабочий стол\Программирование GitHub\my_git\productivity\app\bot\handlers\news_source.py", line 12, in get_news_sources
    for source, link in SOURCE:
        ^^^^^^^^^^^^
ValueError: too many values to unpack (expected 2)
INFO:aiogram.dispatcher:Polling stopped
ERROR:aiogram.dispatcher:Failed to fetch updates - TelegramNetworkError: HTTP Client says - ServerDisconnectedError: Server disconnected
WARNING:aiogram.dispatcher:Sleep for 1.000000 seconds and try again... (tryings = 0, bot id = 8675249748)
INFO:aiogram.dispatcher:Polling stopped for bot @the_worldnews_bot id=8675249748 - 'NewsBot'
INFO:aiogram.dispatcher:Start polling
INFO:aiogram.dispatcher:Run polling for bot @the_worldnews_bot id=8675249748 - 'NewsBot'
INFO:aiogram.event:Update id=937202989 is not handled. Duration 0 ms by bot id=8675249748
ERROR:aiogram.event:Cause exception while process update id=937202989 by bot id=8675249748
ValueError: too many values to unpack (expected 2)
Traceback (most recent call last):
  File "C:\Users\Acer\OneDrive\Documents\Рабочий стол\Программирование GitHub\my_git\productivity\venv\Lib\site-packages\aiogram\dispatcher\dispatcher.py", line 320, in _process_update
    response = await self.feed_update(bot, update, **kwargs)
               ^^^^^^^^^^^^^^^^^^^^^^^^^^^^^^^^^^^^^^^^^^^^^
  File "C:\Users\Acer\OneDrive\Documents\Рабочий стол\Программирование GitHub\my_git\productivity\venv\Lib\site-packages\aiogram\dispatcher\dispatcher.py", line 164, in feed_update
    response = await self.update.wrap_outer_middleware(
               ^^^^^^^^^^^^^^^^^^^^^^^^^^^^^^^^^^^^^^^^
  File "C:\Users\Acer\OneDrive\Documents\Рабочий стол\Программирование GitHub\my_git\productivity\venv\Lib\site-packages\aiogram\dispatcher\middlewares\error.py", line 27, in __call__
    return await handler(event, data)
           ^^^^^^^^^^^^^^^^^^^^^^^^^^
  File "C:\Users\Acer\OneDrive\Documents\Рабочий стол\Программирование GitHub\my_git\productivity\venv\Lib\site-packages\aiogram\dispatcher\middlewares\user_context.py", line 58, in __call__
    return await handler(event, data)
           ^^^^^^^^^^^^^^^^^^^^^^^^^^
  File "C:\Users\Acer\AppData\Local\Programs\Python\Python311\Lib\contextlib.py", line 222, in __aexit__
    await self.gen.athrow(typ, value, traceback)
  File "C:\Users\Acer\OneDrive\Documents\Рабочий стол\Программирование GitHub\my_git\productivity\venv\Lib\site-packages\aiogram\fsm\storage\memory.py", line 77, in lock
    yield
  File "C:\Users\Acer\OneDrive\Documents\Рабочий стол\Программирование GitHub\my_git\productivity\venv\Lib\site-packages\aiogram\fsm\middleware.py", line 43, in __call__
    return await handler(event, data)
           ^^^^^^^^^^^^^^^^^^^^^^^^^^
  File "C:\Users\Acer\OneDrive\Documents\Рабочий стол\Программирование GitHub\my_git\productivity\venv\Lib\site-packages\aiogram\dispatcher\event\telegram.py", line 126, in trigger
    return await wrapped_inner(event, kwargs)
           ^^^^^^^^^^^^^^^^^^^^^^^^^^^^^^^^^^
  File "C:\Users\Acer\OneDrive\Documents\Рабочий стол\Программирование GitHub\my_git\productivity\venv\Lib\site-packages\aiogram\dispatcher\event\handler.py", line 71, in call
    return await wrapped()
           ^^^^^^^^^^^^^^^
  File "C:\Users\Acer\OneDrive\Documents\Рабочий стол\Программирование GitHub\my_git\productivity\venv\Lib\site-packages\aiogram\dispatcher\dispatcher.py", line 283, in _listen_update
    return await self.propagate_event(update_type=update_type, event=event, **kwargs)
           ^^^^^^^^^^^^^^^^^^^^^^^^^^^^^^^^^^^^^^^^^^^^^^^^^^^^^^^^^^^^^^^^^^^^^^^^^^
  File "C:\Users\Acer\OneDrive\Documents\Рабочий стол\Программирование GitHub\my_git\productivity\venv\Lib\site-packages\aiogram\dispatcher\router.py", line 163, in propagate_event
    return await observer.wrap_outer_middleware(_wrapped, event=event, data=kwargs)
           ^^^^^^^^^^^^^^^^^^^^^^^^^^^^^^^^^^^^^^^^^^^^^^^^^^^^^^^^^^^^^^^^^^^^^^^^
  File "C:\Users\Acer\OneDrive\Documents\Рабочий стол\Программирование GitHub\my_git\productivity\venv\Lib\site-packages\aiogram\dispatcher\router.py", line 155, in _wrapped
    return await self._propagate_event(
           ^^^^^^^^^^^^^^^^^^^^^^^^^^^^
  File "C:\Users\Acer\OneDrive\Documents\Рабочий стол\Программирование GitHub\my_git\productivity\venv\Lib\site-packages\aiogram\dispatcher\router.py", line 191, in _propagate_event
    response = await router.propagate_event(update_type=update_type, event=event, **kwargs)
               ^^^^^^^^^^^^^^^^^^^^^^^^^^^^^^^^^^^^^^^^^^^^^^^^^^^^^^^^^^^^^^^^^^^^^^^^^^^^
  File "C:\Users\Acer\OneDrive\Documents\Рабочий стол\Программирование GitHub\my_git\productivity\venv\Lib\site-packages\aiogram\dispatcher\router.py", line 163, in propagate_event
    return await observer.wrap_outer_middleware(_wrapped, event=event, data=kwargs)
           ^^^^^^^^^^^^^^^^^^^^^^^^^^^^^^^^^^^^^^^^^^^^^^^^^^^^^^^^^^^^^^^^^^^^^^^^
  File "C:\Users\Acer\OneDrive\Documents\Рабочий стол\Программирование GitHub\my_git\productivity\venv\Lib\site-packages\aiogram\dispatcher\router.py", line 155, in _wrapped
    return await self._propagate_event(
           ^^^^^^^^^^^^^^^^^^^^^^^^^^^^
  File "C:\Users\Acer\OneDrive\Documents\Рабочий стол\Программирование GitHub\my_git\productivity\venv\Lib\site-packages\aiogram\dispatcher\router.py", line 183, in _propagate_event
    response = await observer.trigger(event, **kwargs)
               ^^^^^^^^^^^^^^^^^^^^^^^^^^^^^^^^^^^^^^^
  File "C:\Users\Acer\OneDrive\Documents\Рабочий стол\Программирование GitHub\my_git\productivity\venv\Lib\site-packages\aiogram\dispatcher\event\telegram.py", line 126, in trigger
    return await wrapped_inner(event, kwargs)
           ^^^^^^^^^^^^^^^^^^^^^^^^^^^^^^^^^^
  File "C:\Users\Acer\OneDrive\Documents\Рабочий стол\Программирование GitHub\my_git\productivity\venv\Lib\site-packages\aiogram\dispatcher\event\handler.py", line 71, in call
    return await wrapped()
           ^^^^^^^^^^^^^^^
  File "C:\Users\Acer\OneDrive\Documents\Рабочий стол\Программирование GitHub\my_git\productivity\app\bot\handlers\news_source.py", line 12, in get_news_sources
    for source, link in SOURCE:
        ^^^^^^^^^^^^
ValueError: too many values to unpack (expected 2)
INFO:aiogram.event:Update id=937202990 is not handled. Duration 0 ms by bot id=8675249748
ERROR:aiogram.event:Cause exception while process update id=937202990 by bot id=8675249748
ValueError: too many values to unpack (expected 2)
Traceback (most recent call last):
  File "C:\Users\Acer\OneDrive\Documents\Рабочий стол\Программирование GitHub\my_git\productivity\venv\Lib\site-packages\aiogram\dispatcher\dispatcher.py", line 320, in _process_update
    response = await self.feed_update(bot, update, **kwargs)
               ^^^^^^^^^^^^^^^^^^^^^^^^^^^^^^^^^^^^^^^^^^^^^
  File "C:\Users\Acer\OneDrive\Documents\Рабочий стол\Программирование GitHub\my_git\productivity\venv\Lib\site-packages\aiogram\dispatcher\dispatcher.py", line 164, in feed_update
    response = await self.update.wrap_outer_middleware(
               ^^^^^^^^^^^^^^^^^^^^^^^^^^^^^^^^^^^^^^^^
  File "C:\Users\Acer\OneDrive\Documents\Рабочий стол\Программирование GitHub\my_git\productivity\venv\Lib\site-packages\aiogram\dispatcher\middlewares\error.py", line 27, in __call__
    return await handler(event, data)
           ^^^^^^^^^^^^^^^^^^^^^^^^^^
  File "C:\Users\Acer\OneDrive\Documents\Рабочий стол\Программирование GitHub\my_git\productivity\venv\Lib\site-packages\aiogram\dispatcher\middlewares\user_context.py", line 58, in __call__
    return await handler(event, data)
           ^^^^^^^^^^^^^^^^^^^^^^^^^^
  File "C:\Users\Acer\AppData\Local\Programs\Python\Python311\Lib\contextlib.py", line 222, in __aexit__
    await self.gen.athrow(typ, value, traceback)
  File "C:\Users\Acer\OneDrive\Documents\Рабочий стол\Программирование GitHub\my_git\productivity\venv\Lib\site-packages\aiogram\fsm\storage\memory.py", line 77, in lock
    yield
  File "C:\Users\Acer\OneDrive\Documents\Рабочий стол\Программирование GitHub\my_git\productivity\venv\Lib\site-packages\aiogram\fsm\middleware.py", line 43, in __call__
    return await handler(event, data)
           ^^^^^^^^^^^^^^^^^^^^^^^^^^
  File "C:\Users\Acer\OneDrive\Documents\Рабочий стол\Программирование GitHub\my_git\productivity\venv\Lib\site-packages\aiogram\dispatcher\event\telegram.py", line 126, in trigger
    return await wrapped_inner(event, kwargs)
           ^^^^^^^^^^^^^^^^^^^^^^^^^^^^^^^^^^
  File "C:\Users\Acer\OneDrive\Documents\Рабочий стол\Программирование GitHub\my_git\productivity\venv\Lib\site-packages\aiogram\dispatcher\event\handler.py", line 71, in call
    return await wrapped()
           ^^^^^^^^^^^^^^^
  File "C:\Users\Acer\OneDrive\Documents\Рабочий стол\Программирование GitHub\my_git\productivity\venv\Lib\site-packages\aiogram\dispatcher\dispatcher.py", line 283, in _listen_update
    return await self.propagate_event(update_type=update_type, event=event, **kwargs)
           ^^^^^^^^^^^^^^^^^^^^^^^^^^^^^^^^^^^^^^^^^^^^^^^^^^^^^^^^^^^^^^^^^^^^^^^^^^
  File "C:\Users\Acer\OneDrive\Documents\Рабочий стол\Программирование GitHub\my_git\productivity\venv\Lib\site-packages\aiogram\dispatcher\router.py", line 163, in propagate_event
    return await observer.wrap_outer_middleware(_wrapped, event=event, data=kwargs)
           ^^^^^^^^^^^^^^^^^^^^^^^^^^^^^^^^^^^^^^^^^^^^^^^^^^^^^^^^^^^^^^^^^^^^^^^^
  File "C:\Users\Acer\OneDrive\Documents\Рабочий стол\Программирование GitHub\my_git\productivity\venv\Lib\site-packages\aiogram\dispatcher\router.py", line 155, in _wrapped
    return await self._propagate_event(
           ^^^^^^^^^^^^^^^^^^^^^^^^^^^^
  File "C:\Users\Acer\OneDrive\Documents\Рабочий стол\Программирование GitHub\my_git\productivity\venv\Lib\site-packages\aiogram\dispatcher\router.py", line 191, in _propagate_event
    response = await router.propagate_event(update_type=update_type, event=event, **kwargs)
               ^^^^^^^^^^^^^^^^^^^^^^^^^^^^^^^^^^^^^^^^^^^^^^^^^^^^^^^^^^^^^^^^^^^^^^^^^^^^
  File "C:\Users\Acer\OneDrive\Documents\Рабочий стол\Программирование GitHub\my_git\productivity\venv\Lib\site-packages\aiogram\dispatcher\router.py", line 163, in propagate_event
    return await observer.wrap_outer_middleware(_wrapped, event=event, data=kwargs)
           ^^^^^^^^^^^^^^^^^^^^^^^^^^^^^^^^^^^^^^^^^^^^^^^^^^^^^^^^^^^^^^^^^^^^^^^^
  File "C:\Users\Acer\OneDrive\Documents\Рабочий стол\Программирование GitHub\my_git\productivity\venv\Lib\site-packages\aiogram\dispatcher\router.py", line 155, in _wrapped
    return await self._propagate_event(
           ^^^^^^^^^^^^^^^^^^^^^^^^^^^^
  File "C:\Users\Acer\OneDrive\Documents\Рабочий стол\Программирование GitHub\my_git\productivity\venv\Lib\site-packages\aiogram\dispatcher\router.py", line 183, in _propagate_event
    response = await observer.trigger(event, **kwargs)
               ^^^^^^^^^^^^^^^^^^^^^^^^^^^^^^^^^^^^^^^
  File "C:\Users\Acer\OneDrive\Documents\Рабочий стол\Программирование GitHub\my_git\productivity\venv\Lib\site-packages\aiogram\dispatcher\event\telegram.py", line 126, in trigger
    return await wrapped_inner(event, kwargs)
           ^^^^^^^^^^^^^^^^^^^^^^^^^^^^^^^^^^
  File "C:\Users\Acer\OneDrive\Documents\Рабочий стол\Программирование GitHub\my_git\productivity\venv\Lib\site-packages\aiogram\dispatcher\event\handler.py", line 71, in call
    return await wrapped()
           ^^^^^^^^^^^^^^^
  File "C:\Users\Acer\OneDrive\Documents\Рабочий стол\Программирование GitHub\my_git\productivity\app\bot\handlers\news_source.py", line 12, in get_news_sources
    for source, link in SOURCE:
        ^^^^^^^^^^^^
ValueError: too many values to unpack (expected 2)
INFO:aiogram.event:Update id=937202991 is not handled. Duration 0 ms by bot id=8675249748
ERROR:aiogram.event:Cause exception while process update id=937202991 by bot id=8675249748
ValueError: too many values to unpack (expected 2)
Traceback (most recent call last):
  File "C:\Users\Acer\OneDrive\Documents\Рабочий стол\Программирование GitHub\my_git\productivity\venv\Lib\site-packages\aiogram\dispatcher\dispatcher.py", line 320, in _process_update
    response = await self.feed_update(bot, update, **kwargs)
               ^^^^^^^^^^^^^^^^^^^^^^^^^^^^^^^^^^^^^^^^^^^^^
  File "C:\Users\Acer\OneDrive\Documents\Рабочий стол\Программирование GitHub\my_git\productivity\venv\Lib\site-packages\aiogram\dispatcher\dispatcher.py", line 164, in feed_update
    response = await self.update.wrap_outer_middleware(
               ^^^^^^^^^^^^^^^^^^^^^^^^^^^^^^^^^^^^^^^^
  File "C:\Users\Acer\OneDrive\Documents\Рабочий стол\Программирование GitHub\my_git\productivity\venv\Lib\site-packages\aiogram\dispatcher\middlewares\error.py", line 27, in __call__
    return await handler(event, data)
           ^^^^^^^^^^^^^^^^^^^^^^^^^^
  File "C:\Users\Acer\OneDrive\Documents\Рабочий стол\Программирование GitHub\my_git\productivity\venv\Lib\site-packages\aiogram\dispatcher\middlewares\user_context.py", line 58, in __call__
    return await handler(event, data)
           ^^^^^^^^^^^^^^^^^^^^^^^^^^
  File "C:\Users\Acer\AppData\Local\Programs\Python\Python311\Lib\contextlib.py", line 222, in __aexit__
    await self.gen.athrow(typ, value, traceback)
  File "C:\Users\Acer\OneDrive\Documents\Рабочий стол\Программирование GitHub\my_git\productivity\venv\Lib\site-packages\aiogram\fsm\storage\memory.py", line 77, in lock
    yield
  File "C:\Users\Acer\OneDrive\Documents\Рабочий стол\Программирование GitHub\my_git\productivity\venv\Lib\site-packages\aiogram\fsm\middleware.py", line 43, in __call__
    return await handler(event, data)
           ^^^^^^^^^^^^^^^^^^^^^^^^^^
  File "C:\Users\Acer\OneDrive\Documents\Рабочий стол\Программирование GitHub\my_git\productivity\venv\Lib\site-packages\aiogram\dispatcher\event\telegram.py", line 126, in trigger
    return await wrapped_inner(event, kwargs)
           ^^^^^^^^^^^^^^^^^^^^^^^^^^^^^^^^^^
  File "C:\Users\Acer\OneDrive\Documents\Рабочий стол\Программирование GitHub\my_git\productivity\venv\Lib\site-packages\aiogram\dispatcher\event\handler.py", line 71, in call
    return await wrapped()
           ^^^^^^^^^^^^^^^
  File "C:\Users\Acer\OneDrive\Documents\Рабочий стол\Программирование GitHub\my_git\productivity\venv\Lib\site-packages\aiogram\dispatcher\dispatcher.py", line 283, in _listen_update
    return await self.propagate_event(update_type=update_type, event=event, **kwargs)
           ^^^^^^^^^^^^^^^^^^^^^^^^^^^^^^^^^^^^^^^^^^^^^^^^^^^^^^^^^^^^^^^^^^^^^^^^^^
  File "C:\Users\Acer\OneDrive\Documents\Рабочий стол\Программирование GitHub\my_git\productivity\venv\Lib\site-packages\aiogram\dispatcher\router.py", line 163, in propagate_event
    return await observer.wrap_outer_middleware(_wrapped, event=event, data=kwargs)
           ^^^^^^^^^^^^^^^^^^^^^^^^^^^^^^^^^^^^^^^^^^^^^^^^^^^^^^^^^^^^^^^^^^^^^^^^
  File "C:\Users\Acer\OneDrive\Documents\Рабочий стол\Программирование GitHub\my_git\productivity\venv\Lib\site-packages\aiogram\dispatcher\router.py", line 155, in _wrapped
    return await self._propagate_event(
           ^^^^^^^^^^^^^^^^^^^^^^^^^^^^
  File "C:\Users\Acer\OneDrive\Documents\Рабочий стол\Программирование GitHub\my_git\productivity\venv\Lib\site-packages\aiogram\dispatcher\router.py", line 191, in _propagate_event
    response = await router.propagate_event(update_type=update_type, event=event, **kwargs)
               ^^^^^^^^^^^^^^^^^^^^^^^^^^^^^^^^^^^^^^^^^^^^^^^^^^^^^^^^^^^^^^^^^^^^^^^^^^^^
  File "C:\Users\Acer\OneDrive\Documents\Рабочий стол\Программирование GitHub\my_git\productivity\venv\Lib\site-packages\aiogram\dispatcher\router.py", line 163, in propagate_event
    return await observer.wrap_outer_middleware(_wrapped, event=event, data=kwargs)
           ^^^^^^^^^^^^^^^^^^^^^^^^^^^^^^^^^^^^^^^^^^^^^^^^^^^^^^^^^^^^^^^^^^^^^^^^
  File "C:\Users\Acer\OneDrive\Documents\Рабочий стол\Программирование GitHub\my_git\productivity\venv\Lib\site-packages\aiogram\dispatcher\router.py", line 155, in _wrapped
    return await self._propagate_event(
           ^^^^^^^^^^^^^^^^^^^^^^^^^^^^
  File "C:\Users\Acer\OneDrive\Documents\Рабочий стол\Программирование GitHub\my_git\productivity\venv\Lib\site-packages\aiogram\dispatcher\router.py", line 183, in _propagate_event
    response = await observer.trigger(event, **kwargs)
               ^^^^^^^^^^^^^^^^^^^^^^^^^^^^^^^^^^^^^^^
  File "C:\Users\Acer\OneDrive\Documents\Рабочий стол\Программирование GitHub\my_git\productivity\venv\Lib\site-packages\aiogram\dispatcher\event\telegram.py", line 126, in trigger
    return await wrapped_inner(event, kwargs)
           ^^^^^^^^^^^^^^^^^^^^^^^^^^^^^^^^^^
  File "C:\Users\Acer\OneDrive\Documents\Рабочий стол\Программирование GitHub\my_git\productivity\venv\Lib\site-packages\aiogram\dispatcher\event\handler.py", line 71, in call
    return await wrapped()
           ^^^^^^^^^^^^^^^
  File "C:\Users\Acer\OneDrive\Documents\Рабочий стол\Программирование GitHub\my_git\productivity\app\bot\handlers\news_source.py", line 12, in get_news_sources
    for source, link in SOURCE:
        ^^^^^^^^^^^^
ValueError: too many values to unpack (expected 2)
INFO:aiogram.dispatcher:Polling stopped
ERROR:aiogram.dispatcher:Failed to fetch updates - TelegramNetworkError: HTTP Client says - ServerDisconnectedError: Server disconnected
WARNING:aiogram.dispatcher:Sleep for 1.000000 seconds and try again... (tryings = 0, bot id = 8675249748)
INFO:aiogram.dispatcher:Polling stopped for bot @the_worldnews_bot id=8675249748 - 'NewsBot'
INFO:aiogram.dispatcher:Start polling
INFO:aiogram.dispatcher:Run polling for bot @the_worldnews_bot id=8675249748 - 'NewsBot'
INFO:aiogram.event:Update id=937202992 is handled. Duration 281 ms by bot id=8675249748
INFO:aiogram.event:Update id=937202993 is not handled. Duration 0 ms by bot id=8675249748
ERROR:aiogram.event:Cause exception while process update id=937202993 by bot id=8675249748
ValueError: too many values to unpack (expected 2)
Traceback (most recent call last):
  File "C:\Users\Acer\OneDrive\Documents\Рабочий стол\Программирование GitHub\my_git\productivity\venv\Lib\site-packages\aiogram\dispatcher\dispatcher.py", line 320, in _process_update
    response = await self.feed_update(bot, update, **kwargs)
               ^^^^^^^^^^^^^^^^^^^^^^^^^^^^^^^^^^^^^^^^^^^^^
  File "C:\Users\Acer\OneDrive\Documents\Рабочий стол\Программирование GitHub\my_git\productivity\venv\Lib\site-packages\aiogram\dispatcher\dispatcher.py", line 164, in feed_update
    response = await self.update.wrap_outer_middleware(
               ^^^^^^^^^^^^^^^^^^^^^^^^^^^^^^^^^^^^^^^^
  File "C:\Users\Acer\OneDrive\Documents\Рабочий стол\Программирование GitHub\my_git\productivity\venv\Lib\site-packages\aiogram\dispatcher\middlewares\error.py", line 27, in __call__
    return await handler(event, data)
           ^^^^^^^^^^^^^^^^^^^^^^^^^^
  File "C:\Users\Acer\OneDrive\Documents\Рабочий стол\Программирование GitHub\my_git\productivity\venv\Lib\site-packages\aiogram\dispatcher\middlewares\user_context.py", line 58, in __call__
    return await handler(event, data)
           ^^^^^^^^^^^^^^^^^^^^^^^^^^
  File "C:\Users\Acer\AppData\Local\Programs\Python\Python311\Lib\contextlib.py", line 222, in __aexit__
    await self.gen.athrow(typ, value, traceback)
  File "C:\Users\Acer\OneDrive\Documents\Рабочий стол\Программирование GitHub\my_git\productivity\venv\Lib\site-packages\aiogram\fsm\storage\memory.py", line 77, in lock
    yield
  File "C:\Users\Acer\OneDrive\Documents\Рабочий стол\Программирование GitHub\my_git\productivity\venv\Lib\site-packages\aiogram\fsm\middleware.py", line 43, in __call__
    return await handler(event, data)
           ^^^^^^^^^^^^^^^^^^^^^^^^^^
  File "C:\Users\Acer\OneDrive\Documents\Рабочий стол\Программирование GitHub\my_git\productivity\venv\Lib\site-packages\aiogram\dispatcher\event\telegram.py", line 126, in trigger
    return await wrapped_inner(event, kwargs)
           ^^^^^^^^^^^^^^^^^^^^^^^^^^^^^^^^^^
  File "C:\Users\Acer\OneDrive\Documents\Рабочий стол\Программирование GitHub\my_git\productivity\venv\Lib\site-packages\aiogram\dispatcher\event\handler.py", line 71, in call
    return await wrapped()
           ^^^^^^^^^^^^^^^
  File "C:\Users\Acer\OneDrive\Documents\Рабочий стол\Программирование GitHub\my_git\productivity\venv\Lib\site-packages\aiogram\dispatcher\dispatcher.py", line 283, in _listen_update
    return await self.propagate_event(update_type=update_type, event=event, **kwargs)
           ^^^^^^^^^^^^^^^^^^^^^^^^^^^^^^^^^^^^^^^^^^^^^^^^^^^^^^^^^^^^^^^^^^^^^^^^^^
  File "C:\Users\Acer\OneDrive\Documents\Рабочий стол\Программирование GitHub\my_git\productivity\venv\Lib\site-packages\aiogram\dispatcher\router.py", line 163, in propagate_event
    return await observer.wrap_outer_middleware(_wrapped, event=event, data=kwargs)
           ^^^^^^^^^^^^^^^^^^^^^^^^^^^^^^^^^^^^^^^^^^^^^^^^^^^^^^^^^^^^^^^^^^^^^^^^
  File "C:\Users\Acer\OneDrive\Documents\Рабочий стол\Программирование GitHub\my_git\productivity\venv\Lib\site-packages\aiogram\dispatcher\router.py", line 155, in _wrapped
    return await self._propagate_event(
           ^^^^^^^^^^^^^^^^^^^^^^^^^^^^
  File "C:\Users\Acer\OneDrive\Documents\Рабочий стол\Программирование GitHub\my_git\productivity\venv\Lib\site-packages\aiogram\dispatcher\router.py", line 191, in _propagate_event
    response = await router.propagate_event(update_type=update_type, event=event, **kwargs)
               ^^^^^^^^^^^^^^^^^^^^^^^^^^^^^^^^^^^^^^^^^^^^^^^^^^^^^^^^^^^^^^^^^^^^^^^^^^^^
  File "C:\Users\Acer\OneDrive\Documents\Рабочий стол\Программирование GitHub\my_git\productivity\venv\Lib\site-packages\aiogram\dispatcher\router.py", line 163, in propagate_event
    return await observer.wrap_outer_middleware(_wrapped, event=event, data=kwargs)
           ^^^^^^^^^^^^^^^^^^^^^^^^^^^^^^^^^^^^^^^^^^^^^^^^^^^^^^^^^^^^^^^^^^^^^^^^
  File "C:\Users\Acer\OneDrive\Documents\Рабочий стол\Программирование GitHub\my_git\productivity\venv\Lib\site-packages\aiogram\dispatcher\router.py", line 155, in _wrapped
    return await self._propagate_event(
           ^^^^^^^^^^^^^^^^^^^^^^^^^^^^
  File "C:\Users\Acer\OneDrive\Documents\Рабочий стол\Программирование GitHub\my_git\productivity\venv\Lib\site-packages\aiogram\dispatcher\router.py", line 183, in _propagate_event
    response = await observer.trigger(event, **kwargs)
               ^^^^^^^^^^^^^^^^^^^^^^^^^^^^^^^^^^^^^^^
  File "C:\Users\Acer\OneDrive\Documents\Рабочий стол\Программирование GitHub\my_git\productivity\venv\Lib\site-packages\aiogram\dispatcher\event\telegram.py", line 126, in trigger
    return await wrapped_inner(event, kwargs)
           ^^^^^^^^^^^^^^^^^^^^^^^^^^^^^^^^^^
  File "C:\Users\Acer\OneDrive\Documents\Рабочий стол\Программирование GitHub\my_git\productivity\venv\Lib\site-packages\aiogram\dispatcher\event\handler.py", line 71, in call
    return await wrapped()
           ^^^^^^^^^^^^^^^
  File "C:\Users\Acer\OneDrive\Documents\Рабочий стол\Программирование GitHub\my_git\productivity\app\bot\handlers\news_source.py", line 12, in get_news_sources
    for source, link in SOURCE:
        ^^^^^^^^^^^^
ValueError: too many values to unpack (expected 2)
INFO:aiogram.dispatcher:Polling stopped
ERROR:aiogram.dispatcher:Failed to fetch updates - TelegramNetworkError: HTTP Client says - ServerDisconnectedError: Server disconnected
WARNING:aiogram.dispatcher:Sleep for 1.000000 seconds and try again... (tryings = 0, bot id = 8675249748)
INFO:aiogram.dispatcher:Polling stopped for bot @the_worldnews_bot id=8675249748 - 'NewsBot'
INFO:aiogram.dispatcher:Start polling
INFO:aiogram.dispatcher:Run polling for bot @the_worldnews_bot id=8675249748 - 'NewsBot'
INFO:aiogram.event:Update id=937202994 is not handled. Duration 0 ms by bot id=8675249748
ERROR:aiogram.event:Cause exception while process update id=937202994 by bot id=8675249748
ValueError: too many values to unpack (expected 2)
Traceback (most recent call last):
  File "C:\Users\Acer\OneDrive\Documents\Рабочий стол\Программирование GitHub\my_git\productivity\venv\Lib\site-packages\aiogram\dispatcher\dispatcher.py", line 320, in _process_update
    response = await self.feed_update(bot, update, **kwargs)
               ^^^^^^^^^^^^^^^^^^^^^^^^^^^^^^^^^^^^^^^^^^^^^
  File "C:\Users\Acer\OneDrive\Documents\Рабочий стол\Программирование GitHub\my_git\productivity\venv\Lib\site-packages\aiogram\dispatcher\dispatcher.py", line 164, in feed_update
    response = await self.update.wrap_outer_middleware(
               ^^^^^^^^^^^^^^^^^^^^^^^^^^^^^^^^^^^^^^^^
  File "C:\Users\Acer\OneDrive\Documents\Рабочий стол\Программирование GitHub\my_git\productivity\venv\Lib\site-packages\aiogram\dispatcher\middlewares\error.py", line 27, in __call__
    return await handler(event, data)
           ^^^^^^^^^^^^^^^^^^^^^^^^^^
  File "C:\Users\Acer\OneDrive\Documents\Рабочий стол\Программирование GitHub\my_git\productivity\venv\Lib\site-packages\aiogram\dispatcher\middlewares\user_context.py", line 58, in __call__
    return await handler(event, data)
           ^^^^^^^^^^^^^^^^^^^^^^^^^^
  File "C:\Users\Acer\AppData\Local\Programs\Python\Python311\Lib\contextlib.py", line 222, in __aexit__
    await self.gen.athrow(typ, value, traceback)
  File "C:\Users\Acer\OneDrive\Documents\Рабочий стол\Программирование GitHub\my_git\productivity\venv\Lib\site-packages\aiogram\fsm\storage\memory.py", line 77, in lock
    yield
  File "C:\Users\Acer\OneDrive\Documents\Рабочий стол\Программирование GitHub\my_git\productivity\venv\Lib\site-packages\aiogram\fsm\middleware.py", line 43, in __call__
    return await handler(event, data)
           ^^^^^^^^^^^^^^^^^^^^^^^^^^
  File "C:\Users\Acer\OneDrive\Documents\Рабочий стол\Программирование GitHub\my_git\productivity\venv\Lib\site-packages\aiogram\dispatcher\event\telegram.py", line 126, in trigger
    return await wrapped_inner(event, kwargs)
           ^^^^^^^^^^^^^^^^^^^^^^^^^^^^^^^^^^
  File "C:\Users\Acer\OneDrive\Documents\Рабочий стол\Программирование GitHub\my_git\productivity\venv\Lib\site-packages\aiogram\dispatcher\event\handler.py", line 71, in call
    return await wrapped()
           ^^^^^^^^^^^^^^^
  File "C:\Users\Acer\OneDrive\Documents\Рабочий стол\Программирование GitHub\my_git\productivity\venv\Lib\site-packages\aiogram\dispatcher\dispatcher.py", line 283, in _listen_update
    return await self.propagate_event(update_type=update_type, event=event, **kwargs)
           ^^^^^^^^^^^^^^^^^^^^^^^^^^^^^^^^^^^^^^^^^^^^^^^^^^^^^^^^^^^^^^^^^^^^^^^^^^
  File "C:\Users\Acer\OneDrive\Documents\Рабочий стол\Программирование GitHub\my_git\productivity\venv\Lib\site-packages\aiogram\dispatcher\router.py", line 163, in propagate_event
    return await observer.wrap_outer_middleware(_wrapped, event=event, data=kwargs)
           ^^^^^^^^^^^^^^^^^^^^^^^^^^^^^^^^^^^^^^^^^^^^^^^^^^^^^^^^^^^^^^^^^^^^^^^^
  File "C:\Users\Acer\OneDrive\Documents\Рабочий стол\Программирование GitHub\my_git\productivity\venv\Lib\site-packages\aiogram\dispatcher\router.py", line 155, in _wrapped
    return await self._propagate_event(
           ^^^^^^^^^^^^^^^^^^^^^^^^^^^^
  File "C:\Users\Acer\OneDrive\Documents\Рабочий стол\Программирование GitHub\my_git\productivity\venv\Lib\site-packages\aiogram\dispatcher\router.py", line 191, in _propagate_event
    response = await router.propagate_event(update_type=update_type, event=event, **kwargs)
               ^^^^^^^^^^^^^^^^^^^^^^^^^^^^^^^^^^^^^^^^^^^^^^^^^^^^^^^^^^^^^^^^^^^^^^^^^^^^
  File "C:\Users\Acer\OneDrive\Documents\Рабочий стол\Программирование GitHub\my_git\productivity\venv\Lib\site-packages\aiogram\dispatcher\router.py", line 163, in propagate_event
    return await observer.wrap_outer_middleware(_wrapped, event=event, data=kwargs)
           ^^^^^^^^^^^^^^^^^^^^^^^^^^^^^^^^^^^^^^^^^^^^^^^^^^^^^^^^^^^^^^^^^^^^^^^^
  File "C:\Users\Acer\OneDrive\Documents\Рабочий стол\Программирование GitHub\my_git\productivity\venv\Lib\site-packages\aiogram\dispatcher\router.py", line 155, in _wrapped
    return await self._propagate_event(
           ^^^^^^^^^^^^^^^^^^^^^^^^^^^^
  File "C:\Users\Acer\OneDrive\Documents\Рабочий стол\Программирование GitHub\my_git\productivity\venv\Lib\site-packages\aiogram\dispatcher\router.py", line 183, in _propagate_event
    response = await observer.trigger(event, **kwargs)
               ^^^^^^^^^^^^^^^^^^^^^^^^^^^^^^^^^^^^^^^
  File "C:\Users\Acer\OneDrive\Documents\Рабочий стол\Программирование GitHub\my_git\productivity\venv\Lib\site-packages\aiogram\dispatcher\event\telegram.py", line 126, in trigger
    return await wrapped_inner(event, kwargs)
           ^^^^^^^^^^^^^^^^^^^^^^^^^^^^^^^^^^
  File "C:\Users\Acer\OneDrive\Documents\Рабочий стол\Программирование GitHub\my_git\productivity\venv\Lib\site-packages\aiogram\dispatcher\event\handler.py", line 71, in call
    return await wrapped()
           ^^^^^^^^^^^^^^^
  File "C:\Users\Acer\OneDrive\Documents\Рабочий стол\Программирование GitHub\my_git\productivity\app\bot\handlers\news_source.py", line 13, in get_news_sources
    for source, link in SOURCE:
        ^^^^^^^^^^^^
ValueError: too many values to unpack (expected 2)
INFO:aiogram.event:Update id=937202995 is handled. Duration 282 ms by bot id=8675249748
INFO:aiogram.event:Update id=937202996 is not handled. Duration 0 ms by bot id=8675249748
ERROR:aiogram.event:Cause exception while process update id=937202996 by bot id=8675249748
ValueError: too many values to unpack (expected 2)
Traceback (most recent call last):
  File "C:\Users\Acer\OneDrive\Documents\Рабочий стол\Программирование GitHub\my_git\productivity\venv\Lib\site-packages\aiogram\dispatcher\dispatcher.py", line 320, in _process_update
    response = await self.feed_update(bot, update, **kwargs)
               ^^^^^^^^^^^^^^^^^^^^^^^^^^^^^^^^^^^^^^^^^^^^^
  File "C:\Users\Acer\OneDrive\Documents\Рабочий стол\Программирование GitHub\my_git\productivity\venv\Lib\site-packages\aiogram\dispatcher\dispatcher.py", line 164, in feed_update
    response = await self.update.wrap_outer_middleware(
               ^^^^^^^^^^^^^^^^^^^^^^^^^^^^^^^^^^^^^^^^
  File "C:\Users\Acer\OneDrive\Documents\Рабочий стол\Программирование GitHub\my_git\productivity\venv\Lib\site-packages\aiogram\dispatcher\middlewares\error.py", line 27, in __call__
    return await handler(event, data)
           ^^^^^^^^^^^^^^^^^^^^^^^^^^
  File "C:\Users\Acer\OneDrive\Documents\Рабочий стол\Программирование GitHub\my_git\productivity\venv\Lib\site-packages\aiogram\dispatcher\middlewares\user_context.py", line 58, in __call__
    return await handler(event, data)
           ^^^^^^^^^^^^^^^^^^^^^^^^^^
  File "C:\Users\Acer\AppData\Local\Programs\Python\Python311\Lib\contextlib.py", line 222, in __aexit__
    await self.gen.athrow(typ, value, traceback)
  File "C:\Users\Acer\OneDrive\Documents\Рабочий стол\Программирование GitHub\my_git\productivity\venv\Lib\site-packages\aiogram\fsm\storage\memory.py", line 77, in lock
    yield
  File "C:\Users\Acer\OneDrive\Documents\Рабочий стол\Программирование GitHub\my_git\productivity\venv\Lib\site-packages\aiogram\fsm\middleware.py", line 43, in __call__
    return await handler(event, data)
           ^^^^^^^^^^^^^^^^^^^^^^^^^^
  File "C:\Users\Acer\OneDrive\Documents\Рабочий стол\Программирование GitHub\my_git\productivity\venv\Lib\site-packages\aiogram\dispatcher\event\telegram.py", line 126, in trigger
    return await wrapped_inner(event, kwargs)
           ^^^^^^^^^^^^^^^^^^^^^^^^^^^^^^^^^^
  File "C:\Users\Acer\OneDrive\Documents\Рабочий стол\Программирование GitHub\my_git\productivity\venv\Lib\site-packages\aiogram\dispatcher\event\handler.py", line 71, in call
    return await wrapped()
           ^^^^^^^^^^^^^^^
  File "C:\Users\Acer\OneDrive\Documents\Рабочий стол\Программирование GitHub\my_git\productivity\venv\Lib\site-packages\aiogram\dispatcher\dispatcher.py", line 283, in _listen_update
    return await self.propagate_event(update_type=update_type, event=event, **kwargs)
           ^^^^^^^^^^^^^^^^^^^^^^^^^^^^^^^^^^^^^^^^^^^^^^^^^^^^^^^^^^^^^^^^^^^^^^^^^^
  File "C:\Users\Acer\OneDrive\Documents\Рабочий стол\Программирование GitHub\my_git\productivity\venv\Lib\site-packages\aiogram\dispatcher\router.py", line 163, in propagate_event
    return await observer.wrap_outer_middleware(_wrapped, event=event, data=kwargs)
           ^^^^^^^^^^^^^^^^^^^^^^^^^^^^^^^^^^^^^^^^^^^^^^^^^^^^^^^^^^^^^^^^^^^^^^^^
  File "C:\Users\Acer\OneDrive\Documents\Рабочий стол\Программирование GitHub\my_git\productivity\venv\Lib\site-packages\aiogram\dispatcher\router.py", line 155, in _wrapped
    return await self._propagate_event(
           ^^^^^^^^^^^^^^^^^^^^^^^^^^^^
  File "C:\Users\Acer\OneDrive\Documents\Рабочий стол\Программирование GitHub\my_git\productivity\venv\Lib\site-packages\aiogram\dispatcher\router.py", line 191, in _propagate_event
    response = await router.propagate_event(update_type=update_type, event=event, **kwargs)
               ^^^^^^^^^^^^^^^^^^^^^^^^^^^^^^^^^^^^^^^^^^^^^^^^^^^^^^^^^^^^^^^^^^^^^^^^^^^^
  File "C:\Users\Acer\OneDrive\Documents\Рабочий стол\Программирование GitHub\my_git\productivity\venv\Lib\site-packages\aiogram\dispatcher\router.py", line 163, in propagate_event
    return await observer.wrap_outer_middleware(_wrapped, event=event, data=kwargs)
           ^^^^^^^^^^^^^^^^^^^^^^^^^^^^^^^^^^^^^^^^^^^^^^^^^^^^^^^^^^^^^^^^^^^^^^^^
  File "C:\Users\Acer\OneDrive\Documents\Рабочий стол\Программирование GitHub\my_git\productivity\venv\Lib\site-packages\aiogram\dispatcher\router.py", line 155, in _wrapped
    return await self._propagate_event(
           ^^^^^^^^^^^^^^^^^^^^^^^^^^^^
  File "C:\Users\Acer\OneDrive\Documents\Рабочий стол\Программирование GitHub\my_git\productivity\venv\Lib\site-packages\aiogram\dispatcher\router.py", line 183, in _propagate_event
    response = await observer.trigger(event, **kwargs)
               ^^^^^^^^^^^^^^^^^^^^^^^^^^^^^^^^^^^^^^^
  File "C:\Users\Acer\OneDrive\Documents\Рабочий стол\Программирование GitHub\my_git\productivity\venv\Lib\site-packages\aiogram\dispatcher\event\telegram.py", line 126, in trigger
    return await wrapped_inner(event, kwargs)
           ^^^^^^^^^^^^^^^^^^^^^^^^^^^^^^^^^^
  File "C:\Users\Acer\OneDrive\Documents\Рабочий стол\Программирование GitHub\my_git\productivity\venv\Lib\site-packages\aiogram\dispatcher\event\handler.py", line 71, in call
    return await wrapped()
           ^^^^^^^^^^^^^^^
  File "C:\Users\Acer\OneDrive\Documents\Рабочий стол\Программирование GitHub\my_git\productivity\app\bot\handlers\news_source.py", line 13, in get_news_sources
    for source, link in SOURCE:
        ^^^^^^^^^^^^
ValueError: too many values to unpack (expected 2)
INFO:aiogram.dispatcher:Polling stopped
ERROR:aiogram.dispatcher:Failed to fetch updates - TelegramNetworkError: HTTP Client says - ServerDisconnectedError: Server disconnected
WARNING:aiogram.dispatcher:Sleep for 1.000000 seconds and try again... (tryings = 0, bot id = 8675249748)
INFO:aiogram.dispatcher:Polling stopped for bot @the_worldnews_bot id=8675249748 - 'NewsBot'
INFO:aiogram.dispatcher:Start polling
INFO:aiogram.dispatcher:Run polling for bot @the_worldnews_bot id=8675249748 - 'NewsBot'
INFO:aiogram.event:Update id=937202997 is handled. Duration 297 ms by bot id=8675249748
INFO:aiogram.event:Update id=937202998 is not handled. Duration 0 ms by bot id=8675249748
ERROR:aiogram.event:Cause exception while process update id=937202998 by bot id=8675249748
ValueError: too many values to unpack (expected 2)
Traceback (most recent call last):
  File "C:\Users\Acer\OneDrive\Documents\Рабочий стол\Программирование GitHub\my_git\productivity\venv\Lib\site-packages\aiogram\dispatcher\dispatcher.py", line 320, in _process_update
    response = await self.feed_update(bot, update, **kwargs)
               ^^^^^^^^^^^^^^^^^^^^^^^^^^^^^^^^^^^^^^^^^^^^^
  File "C:\Users\Acer\OneDrive\Documents\Рабочий стол\Программирование GitHub\my_git\productivity\venv\Lib\site-packages\aiogram\dispatcher\dispatcher.py", line 164, in feed_update
    response = await self.update.wrap_outer_middleware(
               ^^^^^^^^^^^^^^^^^^^^^^^^^^^^^^^^^^^^^^^^
  File "C:\Users\Acer\OneDrive\Documents\Рабочий стол\Программирование GitHub\my_git\productivity\venv\Lib\site-packages\aiogram\dispatcher\middlewares\error.py", line 27, in __call__
    return await handler(event, data)
           ^^^^^^^^^^^^^^^^^^^^^^^^^^
  File "C:\Users\Acer\OneDrive\Documents\Рабочий стол\Программирование GitHub\my_git\productivity\venv\Lib\site-packages\aiogram\dispatcher\middlewares\user_context.py", line 58, in __call__
    return await handler(event, data)
           ^^^^^^^^^^^^^^^^^^^^^^^^^^
  File "C:\Users\Acer\AppData\Local\Programs\Python\Python311\Lib\contextlib.py", line 222, in __aexit__
    await self.gen.athrow(typ, value, traceback)
  File "C:\Users\Acer\OneDrive\Documents\Рабочий стол\Программирование GitHub\my_git\productivity\venv\Lib\site-packages\aiogram\fsm\storage\memory.py", line 77, in lock
    yield
  File "C:\Users\Acer\OneDrive\Documents\Рабочий стол\Программирование GitHub\my_git\productivity\venv\Lib\site-packages\aiogram\fsm\middleware.py", line 43, in __call__
    return await handler(event, data)
           ^^^^^^^^^^^^^^^^^^^^^^^^^^
  File "C:\Users\Acer\OneDrive\Documents\Рабочий стол\Программирование GitHub\my_git\productivity\venv\Lib\site-packages\aiogram\dispatcher\event\telegram.py", line 126, in trigger
    return await wrapped_inner(event, kwargs)
           ^^^^^^^^^^^^^^^^^^^^^^^^^^^^^^^^^^
  File "C:\Users\Acer\OneDrive\Documents\Рабочий стол\Программирование GitHub\my_git\productivity\venv\Lib\site-packages\aiogram\dispatcher\event\handler.py", line 71, in call
    return await wrapped()
           ^^^^^^^^^^^^^^^
  File "C:\Users\Acer\OneDrive\Documents\Рабочий стол\Программирование GitHub\my_git\productivity\venv\Lib\site-packages\aiogram\dispatcher\dispatcher.py", line 283, in _listen_update
    return await self.propagate_event(update_type=update_type, event=event, **kwargs)
           ^^^^^^^^^^^^^^^^^^^^^^^^^^^^^^^^^^^^^^^^^^^^^^^^^^^^^^^^^^^^^^^^^^^^^^^^^^
  File "C:\Users\Acer\OneDrive\Documents\Рабочий стол\Программирование GitHub\my_git\productivity\venv\Lib\site-packages\aiogram\dispatcher\router.py", line 163, in propagate_event
    return await observer.wrap_outer_middleware(_wrapped, event=event, data=kwargs)
           ^^^^^^^^^^^^^^^^^^^^^^^^^^^^^^^^^^^^^^^^^^^^^^^^^^^^^^^^^^^^^^^^^^^^^^^^
  File "C:\Users\Acer\OneDrive\Documents\Рабочий стол\Программирование GitHub\my_git\productivity\venv\Lib\site-packages\aiogram\dispatcher\router.py", line 155, in _wrapped
    return await self._propagate_event(
           ^^^^^^^^^^^^^^^^^^^^^^^^^^^^
  File "C:\Users\Acer\OneDrive\Documents\Рабочий стол\Программирование GitHub\my_git\productivity\venv\Lib\site-packages\aiogram\dispatcher\router.py", line 191, in _propagate_event
    response = await router.propagate_event(update_type=update_type, event=event, **kwargs)
               ^^^^^^^^^^^^^^^^^^^^^^^^^^^^^^^^^^^^^^^^^^^^^^^^^^^^^^^^^^^^^^^^^^^^^^^^^^^^
  File "C:\Users\Acer\OneDrive\Documents\Рабочий стол\Программирование GitHub\my_git\productivity\venv\Lib\site-packages\aiogram\dispatcher\router.py", line 163, in propagate_event
    return await observer.wrap_outer_middleware(_wrapped, event=event, data=kwargs)
           ^^^^^^^^^^^^^^^^^^^^^^^^^^^^^^^^^^^^^^^^^^^^^^^^^^^^^^^^^^^^^^^^^^^^^^^^
  File "C:\Users\Acer\OneDrive\Documents\Рабочий стол\Программирование GitHub\my_git\productivity\venv\Lib\site-packages\aiogram\dispatcher\router.py", line 155, in _wrapped
    return await self._propagate_event(
           ^^^^^^^^^^^^^^^^^^^^^^^^^^^^
  File "C:\Users\Acer\OneDrive\Documents\Рабочий стол\Программирование GitHub\my_git\productivity\venv\Lib\site-packages\aiogram\dispatcher\router.py", line 183, in _propagate_event
    response = await observer.trigger(event, **kwargs)
               ^^^^^^^^^^^^^^^^^^^^^^^^^^^^^^^^^^^^^^^
  File "C:\Users\Acer\OneDrive\Documents\Рабочий стол\Программирование GitHub\my_git\productivity\venv\Lib\site-packages\aiogram\dispatcher\event\telegram.py", line 126, in trigger
    return await wrapped_inner(event, kwargs)
           ^^^^^^^^^^^^^^^^^^^^^^^^^^^^^^^^^^
  File "C:\Users\Acer\OneDrive\Documents\Рабочий стол\Программирование GitHub\my_git\productivity\venv\Lib\site-packages\aiogram\dispatcher\event\handler.py", line 71, in call
    return await wrapped()
           ^^^^^^^^^^^^^^^
  File "C:\Users\Acer\OneDrive\Documents\Рабочий стол\Программирование GitHub\my_git\productivity\app\bot\handlers\news_source.py", line 13, in get_news_sources
    for source, link in SOURCE:
        ^^^^^^^^^^^^
ValueError: too many values to unpack (expected 2)
INFO:aiogram.dispatcher:Polling stopped
ERROR:aiogram.dispatcher:Failed to fetch updates - TelegramNetworkError: HTTP Client says - ServerDisconnectedError: Server disconnected
WARNING:aiogram.dispatcher:Sleep for 1.000000 seconds and try again... (tryings = 0, bot id = 8675249748)
INFO:aiogram.dispatcher:Polling stopped for bot @the_worldnews_bot id=8675249748 - 'NewsBot'
INFO:aiogram.dispatcher:Start polling
INFO:aiogram.dispatcher:Run polling for bot @the_worldnews_bot id=8675249748 - 'NewsBot'
INFO:aiogram.event:Update id=937202999 is not handled. Duration 0 ms by bot id=8675249748
ERROR:aiogram.event:Cause exception while process update id=937202999 by bot id=8675249748
ValueError: too many values to unpack (expected 2)
Traceback (most recent call last):
  File "C:\Users\Acer\OneDrive\Documents\Рабочий стол\Программирование GitHub\my_git\productivity\venv\Lib\site-packages\aiogram\dispatcher\dispatcher.py", line 320, in _process_update
    response = await self.feed_update(bot, update, **kwargs)
               ^^^^^^^^^^^^^^^^^^^^^^^^^^^^^^^^^^^^^^^^^^^^^
  File "C:\Users\Acer\OneDrive\Documents\Рабочий стол\Программирование GitHub\my_git\productivity\venv\Lib\site-packages\aiogram\dispatcher\dispatcher.py", line 164, in feed_update
    response = await self.update.wrap_outer_middleware(
               ^^^^^^^^^^^^^^^^^^^^^^^^^^^^^^^^^^^^^^^^
  File "C:\Users\Acer\OneDrive\Documents\Рабочий стол\Программирование GitHub\my_git\productivity\venv\Lib\site-packages\aiogram\dispatcher\middlewares\error.py", line 27, in __call__
    return await handler(event, data)
           ^^^^^^^^^^^^^^^^^^^^^^^^^^
  File "C:\Users\Acer\OneDrive\Documents\Рабочий стол\Программирование GitHub\my_git\productivity\venv\Lib\site-packages\aiogram\dispatcher\middlewares\user_context.py", line 58, in __call__
    return await handler(event, data)
           ^^^^^^^^^^^^^^^^^^^^^^^^^^
  File "C:\Users\Acer\AppData\Local\Programs\Python\Python311\Lib\contextlib.py", line 222, in __aexit__
    await self.gen.athrow(typ, value, traceback)
  File "C:\Users\Acer\OneDrive\Documents\Рабочий стол\Программирование GitHub\my_git\productivity\venv\Lib\site-packages\aiogram\fsm\storage\memory.py", line 77, in lock
    yield
  File "C:\Users\Acer\OneDrive\Documents\Рабочий стол\Программирование GitHub\my_git\productivity\venv\Lib\site-packages\aiogram\fsm\middleware.py", line 43, in __call__
    return await handler(event, data)
           ^^^^^^^^^^^^^^^^^^^^^^^^^^
  File "C:\Users\Acer\OneDrive\Documents\Рабочий стол\Программирование GitHub\my_git\productivity\venv\Lib\site-packages\aiogram\dispatcher\event\telegram.py", line 126, in trigger
    return await wrapped_inner(event, kwargs)
           ^^^^^^^^^^^^^^^^^^^^^^^^^^^^^^^^^^
  File "C:\Users\Acer\OneDrive\Documents\Рабочий стол\Программирование GitHub\my_git\productivity\venv\Lib\site-packages\aiogram\dispatcher\event\handler.py", line 71, in call
    return await wrapped()
           ^^^^^^^^^^^^^^^
  File "C:\Users\Acer\OneDrive\Documents\Рабочий стол\Программирование GitHub\my_git\productivity\venv\Lib\site-packages\aiogram\dispatcher\dispatcher.py", line 283, in _listen_update
    return await self.propagate_event(update_type=update_type, event=event, **kwargs)
           ^^^^^^^^^^^^^^^^^^^^^^^^^^^^^^^^^^^^^^^^^^^^^^^^^^^^^^^^^^^^^^^^^^^^^^^^^^
  File "C:\Users\Acer\OneDrive\Documents\Рабочий стол\Программирование GitHub\my_git\productivity\venv\Lib\site-packages\aiogram\dispatcher\router.py", line 163, in propagate_event
    return await observer.wrap_outer_middleware(_wrapped, event=event, data=kwargs)
           ^^^^^^^^^^^^^^^^^^^^^^^^^^^^^^^^^^^^^^^^^^^^^^^^^^^^^^^^^^^^^^^^^^^^^^^^
  File "C:\Users\Acer\OneDrive\Documents\Рабочий стол\Программирование GitHub\my_git\productivity\venv\Lib\site-packages\aiogram\dispatcher\router.py", line 155, in _wrapped
    return await self._propagate_event(
           ^^^^^^^^^^^^^^^^^^^^^^^^^^^^
  File "C:\Users\Acer\OneDrive\Documents\Рабочий стол\Программирование GitHub\my_git\productivity\venv\Lib\site-packages\aiogram\dispatcher\router.py", line 191, in _propagate_event
    response = await router.propagate_event(update_type=update_type, event=event, **kwargs)
               ^^^^^^^^^^^^^^^^^^^^^^^^^^^^^^^^^^^^^^^^^^^^^^^^^^^^^^^^^^^^^^^^^^^^^^^^^^^^
  File "C:\Users\Acer\OneDrive\Documents\Рабочий стол\Программирование GitHub\my_git\productivity\venv\Lib\site-packages\aiogram\dispatcher\router.py", line 163, in propagate_event
    return await observer.wrap_outer_middleware(_wrapped, event=event, data=kwargs)
           ^^^^^^^^^^^^^^^^^^^^^^^^^^^^^^^^^^^^^^^^^^^^^^^^^^^^^^^^^^^^^^^^^^^^^^^^
  File "C:\Users\Acer\OneDrive\Documents\Рабочий стол\Программирование GitHub\my_git\productivity\venv\Lib\site-packages\aiogram\dispatcher\router.py", line 155, in _wrapped
    return await self._propagate_event(
           ^^^^^^^^^^^^^^^^^^^^^^^^^^^^
  File "C:\Users\Acer\OneDrive\Documents\Рабочий стол\Программирование GitHub\my_git\productivity\venv\Lib\site-packages\aiogram\dispatcher\router.py", line 183, in _propagate_event
    response = await observer.trigger(event, **kwargs)
               ^^^^^^^^^^^^^^^^^^^^^^^^^^^^^^^^^^^^^^^
  File "C:\Users\Acer\OneDrive\Documents\Рабочий стол\Программирование GitHub\my_git\productivity\venv\Lib\site-packages\aiogram\dispatcher\event\telegram.py", line 126, in trigger
    return await wrapped_inner(event, kwargs)
           ^^^^^^^^^^^^^^^^^^^^^^^^^^^^^^^^^^
  File "C:\Users\Acer\OneDrive\Documents\Рабочий стол\Программирование GitHub\my_git\productivity\venv\Lib\site-packages\aiogram\dispatcher\event\handler.py", line 71, in call
    return await wrapped()
           ^^^^^^^^^^^^^^^
  File "C:\Users\Acer\OneDrive\Documents\Рабочий стол\Программирование GitHub\my_git\productivity\app\bot\handlers\news_source.py", line 13, in get_news_sources
    for source, link in SOURCE:
        ^^^^^^^^^^^^
ValueError: too many values to unpack (expected 2)
INFO:aiogram.dispatcher:Polling stopped
ERROR:aiogram.dispatcher:Failed to fetch updates - TelegramNetworkError: HTTP Client says - ServerDisconnectedError: Server disconnected
WARNING:aiogram.dispatcher:Sleep for 1.000000 seconds and try again... (tryings = 0, bot id = 8675249748)
INFO:aiogram.dispatcher:Polling stopped for bot @the_worldnews_bot id=8675249748 - 'NewsBot'
INFO:aiogram.dispatcher:Start polling
INFO:aiogram.dispatcher:Run polling for bot @the_worldnews_bot id=8675249748 - 'NewsBot'
INFO:aiogram.event:Update id=937203000 is handled. Duration 250 ms by bot id=8675249748
INFO:aiogram.event:Update id=937203001 is not handled. Duration 0 ms by bot id=8675249748
ERROR:aiogram.event:Cause exception while process update id=937203001 by bot id=8675249748
ValueError: too many values to unpack (expected 2)
Traceback (most recent call last):
  File "C:\Users\Acer\OneDrive\Documents\Рабочий стол\Программирование GitHub\my_git\productivity\venv\Lib\site-packages\aiogram\dispatcher\dispatcher.py", line 320, in _process_update
    response = await self.feed_update(bot, update, **kwargs)
               ^^^^^^^^^^^^^^^^^^^^^^^^^^^^^^^^^^^^^^^^^^^^^
  File "C:\Users\Acer\OneDrive\Documents\Рабочий стол\Программирование GitHub\my_git\productivity\venv\Lib\site-packages\aiogram\dispatcher\dispatcher.py", line 164, in feed_update
    response = await self.update.wrap_outer_middleware(
               ^^^^^^^^^^^^^^^^^^^^^^^^^^^^^^^^^^^^^^^^
  File "C:\Users\Acer\OneDrive\Documents\Рабочий стол\Программирование GitHub\my_git\productivity\venv\Lib\site-packages\aiogram\dispatcher\middlewares\error.py", line 27, in __call__
    return await handler(event, data)
           ^^^^^^^^^^^^^^^^^^^^^^^^^^
  File "C:\Users\Acer\OneDrive\Documents\Рабочий стол\Программирование GitHub\my_git\productivity\venv\Lib\site-packages\aiogram\dispatcher\middlewares\user_context.py", line 58, in __call__
    return await handler(event, data)
           ^^^^^^^^^^^^^^^^^^^^^^^^^^
  File "C:\Users\Acer\AppData\Local\Programs\Python\Python311\Lib\contextlib.py", line 222, in __aexit__
    await self.gen.athrow(typ, value, traceback)
  File "C:\Users\Acer\OneDrive\Documents\Рабочий стол\Программирование GitHub\my_git\productivity\venv\Lib\site-packages\aiogram\fsm\storage\memory.py", line 77, in lock
    yield
  File "C:\Users\Acer\OneDrive\Documents\Рабочий стол\Программирование GitHub\my_git\productivity\venv\Lib\site-packages\aiogram\fsm\middleware.py", line 43, in __call__
    return await handler(event, data)
           ^^^^^^^^^^^^^^^^^^^^^^^^^^
  File "C:\Users\Acer\OneDrive\Documents\Рабочий стол\Программирование GitHub\my_git\productivity\venv\Lib\site-packages\aiogram\dispatcher\event\telegram.py", line 126, in trigger
    return await wrapped_inner(event, kwargs)
           ^^^^^^^^^^^^^^^^^^^^^^^^^^^^^^^^^^
  File "C:\Users\Acer\OneDrive\Documents\Рабочий стол\Программирование GitHub\my_git\productivity\venv\Lib\site-packages\aiogram\dispatcher\event\handler.py", line 71, in call
    return await wrapped()
           ^^^^^^^^^^^^^^^
  File "C:\Users\Acer\OneDrive\Documents\Рабочий стол\Программирование GitHub\my_git\productivity\venv\Lib\site-packages\aiogram\dispatcher\dispatcher.py", line 283, in _listen_update
    return await self.propagate_event(update_type=update_type, event=event, **kwargs)
           ^^^^^^^^^^^^^^^^^^^^^^^^^^^^^^^^^^^^^^^^^^^^^^^^^^^^^^^^^^^^^^^^^^^^^^^^^^
  File "C:\Users\Acer\OneDrive\Documents\Рабочий стол\Программирование GitHub\my_git\productivity\venv\Lib\site-packages\aiogram\dispatcher\router.py", line 163, in propagate_event
    return await observer.wrap_outer_middleware(_wrapped, event=event, data=kwargs)
           ^^^^^^^^^^^^^^^^^^^^^^^^^^^^^^^^^^^^^^^^^^^^^^^^^^^^^^^^^^^^^^^^^^^^^^^^
  File "C:\Users\Acer\OneDrive\Documents\Рабочий стол\Программирование GitHub\my_git\productivity\venv\Lib\site-packages\aiogram\dispatcher\router.py", line 155, in _wrapped
    return await self._propagate_event(
           ^^^^^^^^^^^^^^^^^^^^^^^^^^^^
  File "C:\Users\Acer\OneDrive\Documents\Рабочий стол\Программирование GitHub\my_git\productivity\venv\Lib\site-packages\aiogram\dispatcher\router.py", line 191, in _propagate_event
    response = await router.propagate_event(update_type=update_type, event=event, **kwargs)
               ^^^^^^^^^^^^^^^^^^^^^^^^^^^^^^^^^^^^^^^^^^^^^^^^^^^^^^^^^^^^^^^^^^^^^^^^^^^^
  File "C:\Users\Acer\OneDrive\Documents\Рабочий стол\Программирование GitHub\my_git\productivity\venv\Lib\site-packages\aiogram\dispatcher\router.py", line 163, in propagate_event
    return await observer.wrap_outer_middleware(_wrapped, event=event, data=kwargs)
           ^^^^^^^^^^^^^^^^^^^^^^^^^^^^^^^^^^^^^^^^^^^^^^^^^^^^^^^^^^^^^^^^^^^^^^^^
  File "C:\Users\Acer\OneDrive\Documents\Рабочий стол\Программирование GitHub\my_git\productivity\venv\Lib\site-packages\aiogram\dispatcher\router.py", line 155, in _wrapped
    return await self._propagate_event(
           ^^^^^^^^^^^^^^^^^^^^^^^^^^^^
  File "C:\Users\Acer\OneDrive\Documents\Рабочий стол\Программирование GitHub\my_git\productivity\venv\Lib\site-packages\aiogram\dispatcher\router.py", line 183, in _propagate_event
    response = await observer.trigger(event, **kwargs)
               ^^^^^^^^^^^^^^^^^^^^^^^^^^^^^^^^^^^^^^^
  File "C:\Users\Acer\OneDrive\Documents\Рабочий стол\Программирование GitHub\my_git\productivity\venv\Lib\site-packages\aiogram\dispatcher\event\telegram.py", line 126, in trigger
    return await wrapped_inner(event, kwargs)
           ^^^^^^^^^^^^^^^^^^^^^^^^^^^^^^^^^^
  File "C:\Users\Acer\OneDrive\Documents\Рабочий стол\Программирование GitHub\my_git\productivity\venv\Lib\site-packages\aiogram\dispatcher\event\handler.py", line 71, in call
    return await wrapped()
           ^^^^^^^^^^^^^^^
  File "C:\Users\Acer\OneDrive\Documents\Рабочий стол\Программирование GitHub\my_git\productivity\app\bot\handlers\news_source.py", line 14, in get_news_sources
    for source, link in SOURCE:
        ^^^^^^^^^^^^
ValueError: too many values to unpack (expected 2)
INFO:aiogram.dispatcher:Polling stopped
ERROR:aiogram.dispatcher:Failed to fetch updates - TelegramNetworkError: HTTP Client says - ServerDisconnectedError: Server disconnected
WARNING:aiogram.dispatcher:Sleep for 1.000000 seconds and try again... (tryings = 0, bot id = 8675249748)
INFO:aiogram.dispatcher:Polling stopped for bot @the_worldnews_bot id=8675249748 - 'NewsBot'
INFO:aiogram.dispatcher:Start polling
INFO:aiogram.dispatcher:Run polling for bot @the_worldnews_bot id=8675249748 - 'NewsBot'
INFO:aiogram.event:Update id=937203002 is handled. Duration 281 ms by bot id=8675249748
INFO:aiogram.event:Update id=937203003 is not handled. Duration 0 ms by bot id=8675249748
ERROR:aiogram.event:Cause exception while process update id=937203003 by bot id=8675249748
KeyError: 0
Traceback (most recent call last):
  File "C:\Users\Acer\OneDrive\Documents\Рабочий стол\Программирование GitHub\my_git\productivity\venv\Lib\site-packages\aiogram\dispatcher\dispatcher.py", line 320, in _process_update
    response = await self.feed_update(bot, update, **kwargs)
               ^^^^^^^^^^^^^^^^^^^^^^^^^^^^^^^^^^^^^^^^^^^^^
  File "C:\Users\Acer\OneDrive\Documents\Рабочий стол\Программирование GitHub\my_git\productivity\venv\Lib\site-packages\aiogram\dispatcher\dispatcher.py", line 164, in feed_update
    response = await self.update.wrap_outer_middleware(
               ^^^^^^^^^^^^^^^^^^^^^^^^^^^^^^^^^^^^^^^^
  File "C:\Users\Acer\OneDrive\Documents\Рабочий стол\Программирование GitHub\my_git\productivity\venv\Lib\site-packages\aiogram\dispatcher\middlewares\error.py", line 27, in __call__
    return await handler(event, data)
           ^^^^^^^^^^^^^^^^^^^^^^^^^^
  File "C:\Users\Acer\OneDrive\Documents\Рабочий стол\Программирование GitHub\my_git\productivity\venv\Lib\site-packages\aiogram\dispatcher\middlewares\user_context.py", line 58, in __call__
    return await handler(event, data)
           ^^^^^^^^^^^^^^^^^^^^^^^^^^
  File "C:\Users\Acer\AppData\Local\Programs\Python\Python311\Lib\contextlib.py", line 222, in __aexit__
    await self.gen.athrow(typ, value, traceback)
  File "C:\Users\Acer\OneDrive\Documents\Рабочий стол\Программирование GitHub\my_git\productivity\venv\Lib\site-packages\aiogram\fsm\storage\memory.py", line 77, in lock
    yield
  File "C:\Users\Acer\OneDrive\Documents\Рабочий стол\Программирование GitHub\my_git\productivity\venv\Lib\site-packages\aiogram\fsm\middleware.py", line 43, in __call__
    return await handler(event, data)
           ^^^^^^^^^^^^^^^^^^^^^^^^^^
  File "C:\Users\Acer\OneDrive\Documents\Рабочий стол\Программирование GitHub\my_git\productivity\venv\Lib\site-packages\aiogram\dispatcher\event\telegram.py", line 126, in trigger
    return await wrapped_inner(event, kwargs)
           ^^^^^^^^^^^^^^^^^^^^^^^^^^^^^^^^^^
  File "C:\Users\Acer\OneDrive\Documents\Рабочий стол\Программирование GitHub\my_git\productivity\venv\Lib\site-packages\aiogram\dispatcher\event\handler.py", line 71, in call
    return await wrapped()
           ^^^^^^^^^^^^^^^
  File "C:\Users\Acer\OneDrive\Documents\Рабочий стол\Программирование GitHub\my_git\productivity\venv\Lib\site-packages\aiogram\dispatcher\dispatcher.py", line 283, in _listen_update
    return await self.propagate_event(update_type=update_type, event=event, **kwargs)
           ^^^^^^^^^^^^^^^^^^^^^^^^^^^^^^^^^^^^^^^^^^^^^^^^^^^^^^^^^^^^^^^^^^^^^^^^^^
  File "C:\Users\Acer\OneDrive\Documents\Рабочий стол\Программирование GitHub\my_git\productivity\venv\Lib\site-packages\aiogram\dispatcher\router.py", line 163, in propagate_event
    return await observer.wrap_outer_middleware(_wrapped, event=event, data=kwargs)
           ^^^^^^^^^^^^^^^^^^^^^^^^^^^^^^^^^^^^^^^^^^^^^^^^^^^^^^^^^^^^^^^^^^^^^^^^
  File "C:\Users\Acer\OneDrive\Documents\Рабочий стол\Программирование GitHub\my_git\productivity\venv\Lib\site-packages\aiogram\dispatcher\router.py", line 155, in _wrapped
    return await self._propagate_event(
           ^^^^^^^^^^^^^^^^^^^^^^^^^^^^
  File "C:\Users\Acer\OneDrive\Documents\Рабочий стол\Программирование GitHub\my_git\productivity\venv\Lib\site-packages\aiogram\dispatcher\router.py", line 191, in _propagate_event
    response = await router.propagate_event(update_type=update_type, event=event, **kwargs)
               ^^^^^^^^^^^^^^^^^^^^^^^^^^^^^^^^^^^^^^^^^^^^^^^^^^^^^^^^^^^^^^^^^^^^^^^^^^^^
  File "C:\Users\Acer\OneDrive\Documents\Рабочий стол\Программирование GitHub\my_git\productivity\venv\Lib\site-packages\aiogram\dispatcher\router.py", line 163, in propagate_event
    return await observer.wrap_outer_middleware(_wrapped, event=event, data=kwargs)
           ^^^^^^^^^^^^^^^^^^^^^^^^^^^^^^^^^^^^^^^^^^^^^^^^^^^^^^^^^^^^^^^^^^^^^^^^
  File "C:\Users\Acer\OneDrive\Documents\Рабочий стол\Программирование GitHub\my_git\productivity\venv\Lib\site-packages\aiogram\dispatcher\router.py", line 155, in _wrapped
    return await self._propagate_event(
           ^^^^^^^^^^^^^^^^^^^^^^^^^^^^
  File "C:\Users\Acer\OneDrive\Documents\Рабочий стол\Программирование GitHub\my_git\productivity\venv\Lib\site-packages\aiogram\dispatcher\router.py", line 183, in _propagate_event
    response = await observer.trigger(event, **kwargs)
               ^^^^^^^^^^^^^^^^^^^^^^^^^^^^^^^^^^^^^^^
  File "C:\Users\Acer\OneDrive\Documents\Рабочий стол\Программирование GitHub\my_git\productivity\venv\Lib\site-packages\aiogram\dispatcher\event\telegram.py", line 126, in trigger
    return await wrapped_inner(event, kwargs)
           ^^^^^^^^^^^^^^^^^^^^^^^^^^^^^^^^^^
  File "C:\Users\Acer\OneDrive\Documents\Рабочий стол\Программирование GitHub\my_git\productivity\venv\Lib\site-packages\aiogram\dispatcher\event\handler.py", line 71, in call
    return await wrapped()
           ^^^^^^^^^^^^^^^
  File "C:\Users\Acer\OneDrive\Documents\Рабочий стол\Программирование GitHub\my_git\productivity\app\bot\handlers\news_source.py", line 15, in get_news_sources
    f"<b><a href=\"{SOURCE[0]}\">{SOURCE['vtomske']}</a></b>\n",
                    ~~~~~~^^^
KeyError: 0
INFO:httpx:HTTP Request: GET https://vtomske.ru/tag/tomsk "HTTP/1.1 200 OK"
ERROR:app.database.config_db:Database error: (sqlalchemy.dialects.postgresql.asyncpg.Error) <class 'asyncpg.exceptions.DataError'>: invalid input for query argument $5: '17:55' (expected a datetime.date or datetime.datetime instance, got 'str')
[SQL: INSERT INTO news (topic, title, url, source, created_at) VALUES ($1::VARCHAR, $2::VARCHAR, $3::VARCHAR, $4::VARCHAR, $5::TIMESTAMP WITHOUT TIME ZONE) RETURNING news.id]
[parameters: (None, 'Специалисты вновь провели ледовзрывные работы в районе острова Еловый на Томи', 'https://vtomske.ru/news/214556-specialisty-vnov-proveli-ledovzryvnye-raboty-v-raione-ostrova-elovyi-na-tomi', 'vtomske', '17:55')]
(Background on this error at: https://sqlalche.me/e/20/dbapi)
ERROR:app.database.config_db:Database error: (sqlalchemy.dialects.postgresql.asyncpg.Error) <class 'asyncpg.exceptions.DataError'>: invalid input for query argument $5: '17:33' (expected a datetime.date or datetime.datetime instance, got 'str')
[SQL: INSERT INTO news (topic, title, url, source, created_at) VALUES ($1::VARCHAR, $2::VARCHAR, $3::VARCHAR, $4::VARCHAR, $5::TIMESTAMP WITHOUT TIME ZONE) RETURNING news.id]
[parameters: (None, 'Директор северской компании перевел мошенникам 3,2 млн руб за алюминиевые листы', 'https://vtomske.ru/news/214554-direktor-severskoi-kompanii-perevel-moshennikam-3-2-mln-rub-za-alyuminievye-listy', 'vtomske', '17:33')]
(Background on this error at: https://sqlalche.me/e/20/dbapi)
ERROR:app.database.config_db:Database error: (sqlalchemy.dialects.postgresql.asyncpg.Error) <class 'asyncpg.exceptions.DataError'>: invalid input for query argument $5: '15:33' (expected a datetime.date or datetime.datetime instance, got 'str')
[SQL: INSERT INTO news (topic, title, url, source, created_at) VALUES ($1::VARCHAR, $2::VARCHAR, $3::VARCHAR, $4::VARCHAR, $5::TIMESTAMP WITHOUT TIME ZONE) RETURNING news.id]
[parameters: (None, 'В Томске пройдет первый хоккейный турнир на Кубок мэра', 'https://vtomske.ru/news/214555-v-tomske-proidet-pervyi-hokkeinyi-turnir-na-kubok-mera', 'vtomske', '15:33')]
(Background on this error at: https://sqlalche.me/e/20/dbapi)
ERROR:app.database.config_db:Database error: (sqlalchemy.dialects.postgresql.asyncpg.Error) <class 'asyncpg.exceptions.DataError'>: invalid input for query argument $5: '13:36' (expected a datetime.date or datetime.datetime instance, got 'str')
[SQL: INSERT INTO news (topic, title, url, source, created_at) VALUES ($1::VARCHAR, $2::VARCHAR, $3::VARCHAR, $4::VARCHAR, $5::TIMESTAMP WITHOUT TIME ZONE) RETURNING news.id]
[parameters: (None, 'Томские ученые изучили бактерию, способную жить без света и кислорода', 'https://vtomske.ru/news/214508-tomskie-uchenye-izuchili-bakteriyu-sposobnuyu-jit-bez-sveta-i-kisloroda', 'vtomske', '13:36')]
(Background on this error at: https://sqlalche.me/e/20/dbapi)
ERROR:app.database.config_db:Database error: (sqlalchemy.dialects.postgresql.asyncpg.Error) <class 'asyncpg.exceptions.DataError'>: invalid input for query argument $5: '11:36' (expected a datetime.date or datetime.datetime instance, got 'str')
[SQL: INSERT INTO news (topic, title, url, source, created_at) VALUES ($1::VARCHAR, $2::VARCHAR, $3::VARCHAR, $4::VARCHAR, $5::TIMESTAMP WITHOUT TIME ZONE) RETURNING news.id]
[parameters: (None, 'Вода уходит с подтопленных участков в СНТ «Петрово». Паводковая обстановка в Томской области на 18 апреля', 'https://vtomske.ru/news/214553-voda-uhodit-s-podtoplennyh-uchastkov-v-snt-petrovo-pavodkovaya-obstanovka-v-tomskoi-oblasti-na-18-aprelya', 'vtomske', '11:36')]
(Background on this error at: https://sqlalche.me/e/20/dbapi)
INFO:aiogram.event:Update id=937203004 is handled. Duration 2046 ms by bot id=8675249748
INFO:aiogram.dispatcher:Polling stopped
ERROR:aiogram.dispatcher:Failed to fetch updates - TelegramNetworkError: HTTP Client says - ServerDisconnectedError: Server disconnected
WARNING:aiogram.dispatcher:Sleep for 1.000000 seconds and try again... (tryings = 0, bot id = 8675249748)
INFO:aiogram.dispatcher:Polling stopped for bot @the_worldnews_bot id=8675249748 - 'NewsBot'
INFO:httpx:HTTP Request: GET https://www.kommersant.ru/lenta/news?from=lenta_news "HTTP/1.1 200 OK"
INFO:httpx:HTTP Request: GET https://www.euronews.com/just-in "HTTP/1.1 200 OK"
INFO:httpx:HTTP Request: GET https://www.euronews.com/just-in "HTTP/1.1 200 OK"
INFO:httpx:HTTP Request: GET https://www.euronews.com/just-in "HTTP/1.1 200 OK"
INFO:httpx:HTTP Request: GET https://www.euronews.com/just-in "HTTP/1.1 200 OK"
INFO:httpx:HTTP Request: GET https://www.euronews.com/just-in "HTTP/1.1 200 OK"
INFO:httpx:HTTP Request: GET https://www.euronews.com/just-in "HTTP/1.1 200 OK"
INFO:httpx:HTTP Request: GET https://www.euronews.com/just-in "HTTP/1.1 200 OK"
INFO:httpx:HTTP Request: GET https://www.euronews.com/just-in "HTTP/1.1 200 OK"
INFO:httpx:HTTP Request: GET https://www.euronews.com/just-in "HTTP/1.1 200 OK"
INFO:httpx:HTTP Request: GET https://www.euronews.com/just-in "HTTP/1.1 200 OK"
INFO:httpx:HTTP Request: GET https://www.euronews.com/just-in "HTTP/1.1 200 OK"
INFO:httpx:HTTP Request: GET https://www.euronews.com/just-in "HTTP/1.1 200 OK"
INFO:httpx:HTTP Request: GET https://www.euronews.com/just-in "HTTP/1.1 200 OK"
INFO:httpx:HTTP Request: GET https://www.euronews.com/just-in "HTTP/1.1 200 OK"
INFO:httpx:HTTP Request: GET https://www.euronews.com/just-in "HTTP/1.1 200 OK"
INFO:httpx:HTTP Request: GET https://www.euronews.com/just-in "HTTP/1.1 200 OK"
INFO:httpx:HTTP Request: GET https://www.euronews.com/just-in "HTTP/1.1 200 OK"
INFO:httpx:HTTP Request: GET https://www.euronews.com/just-in "HTTP/1.1 200 OK"
INFO:httpx:HTTP Request: GET https://www.euronews.com/just-in "HTTP/1.1 200 OK"
INFO:httpx:HTTP Request: GET https://www.euronews.com/just-in "HTTP/1.1 200 OK"
INFO:httpx:HTTP Request: GET https://www.euronews.com/just-in "HTTP/1.1 200 OK"
INFO:httpx:HTTP Request: GET https://www.euronews.com/just-in "HTTP/1.1 200 OK"
INFO:httpx:HTTP Request: GET https://www.euronews.com/just-in "HTTP/1.1 200 OK"
INFO:httpx:HTTP Request: GET https://www.euronews.com/just-in "HTTP/1.1 200 OK"
INFO:httpx:HTTP Request: GET https://www.euronews.com/just-in "HTTP/1.1 200 OK"
INFO:httpx:HTTP Request: GET https://www.euronews.com/just-in "HTTP/1.1 200 OK"
INFO:httpx:HTTP Request: GET https://www.euronews.com/just-in "HTTP/1.1 200 OK"
INFO:httpx:HTTP Request: GET https://www.euronews.com/just-in "HTTP/1.1 200 OK"
INFO:httpx:HTTP Request: GET https://www.euronews.com/just-in "HTTP/1.1 200 OK"
INFO:httpx:HTTP Request: GET https://www.euronews.com/just-in "HTTP/1.1 200 OK"
INFO:httpx:HTTP Request: GET https://www.euronews.com/just-in "HTTP/1.1 200 OK"
INFO:httpx:HTTP Request: GET https://www.euronews.com/just-in "HTTP/1.1 200 OK"
INFO:httpx:HTTP Request: GET https://www.euronews.com/just-in "HTTP/1.1 200 OK"
INFO:httpx:HTTP Request: GET https://www.euronews.com/just-in "HTTP/1.1 200 OK"
INFO:httpx:HTTP Request: GET https://www.euronews.com/just-in "HTTP/1.1 200 OK"
INFO:httpx:HTTP Request: GET https://www.euronews.com/just-in "HTTP/1.1 200 OK"
INFO:httpx:HTTP Request: GET https://www.euronews.com/just-in "HTTP/1.1 200 OK"
INFO:httpx:HTTP Request: GET https://www.euronews.com/just-in "HTTP/1.1 200 OK"
INFO:httpx:HTTP Request: GET https://www.euronews.com/just-in "HTTP/1.1 200 OK"
INFO:httpx:HTTP Request: GET https://www.euronews.com/just-in "HTTP/1.1 200 OK"
INFO:httpx:HTTP Request: GET https://www.euronews.com/just-in "HTTP/1.1 200 OK"
INFO:httpx:HTTP Request: GET https://www.euronews.com/just-in "HTTP/1.1 200 OK"
INFO:httpx:HTTP Request: GET https://www.euronews.com/just-in "HTTP/1.1 200 OK"
INFO:httpx:HTTP Request: GET https://www.euronews.com/just-in "HTTP/1.1 200 OK"
INFO:httpx:HTTP Request: GET https://www.euronews.com/just-in "HTTP/1.1 200 OK"
INFO:httpx:HTTP Request: GET https://www.euronews.com/just-in "HTTP/1.1 200 OK"
INFO:httpx:HTTP Request: GET https://www.euronews.com/just-in "HTTP/1.1 200 OK"
INFO:httpx:HTTP Request: GET https://www.euronews.com/just-in "HTTP/1.1 200 OK"
INFO:httpx:HTTP Request: GET https://www.kommersant.ru/lenta/news?from=lenta_news "HTTP/1.1 200 OK"
INFO:httpx:HTTP Request: GET https://vtomske.ru/tag/tomsk "HTTP/1.1 200 OK"
INFO:httpx:HTTP Request: GET https://www.euronews.com/just-in "HTTP/1.1 200 OK"
INFO:httpx:HTTP Request: GET https://www.kommersant.ru/lenta/news?from=lenta_news "HTTP/1.1 200 OK"
INFO:httpx:HTTP Request: GET https://vtomske.ru/tag/tomsk "HTTP/1.1 200 OK"
INFO:httpx:HTTP Request: GET https://www.euronews.com/just-in "HTTP/1.1 200 OK"
INFO:httpx:HTTP Request: GET https://www.kommersant.ru/lenta/news?from=lenta_news "HTTP/1.1 200 OK"
INFO:httpx:HTTP Request: GET https://vtomske.ru/tag/tomsk "HTTP/1.1 200 OK"
INFO:httpx:HTTP Request: GET https://www.euronews.com/just-in "HTTP/1.1 200 OK"
INFO:httpx:HTTP Request: GET https://www.kommersant.ru/lenta/news?from=lenta_news "HTTP/1.1 200 OK"
INFO:httpx:HTTP Request: GET https://vtomske.ru/tag/tomsk "HTTP/1.1 200 OK"
INFO:httpx:HTTP Request: GET https://www.euronews.com/just-in "HTTP/1.1 200 OK"
INFO:httpx:HTTP Request: GET https://www.kommersant.ru/lenta/news?from=lenta_news "HTTP/1.1 200 OK"
INFO:httpx:HTTP Request: GET https://vtomske.ru/tag/tomsk "HTTP/1.1 200 OK"
INFO:httpx:HTTP Request: GET https://www.euronews.com/just-in "HTTP/1.1 200 OK"
INFO:httpx:HTTP Request: GET https://www.kommersant.ru/lenta/news?from=lenta_news "HTTP/1.1 200 OK"
INFO:httpx:HTTP Request: GET https://vtomske.ru/tag/tomsk "HTTP/1.1 200 OK"
INFO:httpx:HTTP Request: GET https://www.euronews.com/just-in "HTTP/1.1 200 OK"
INFO:httpx:HTTP Request: GET https://www.kommersant.ru/lenta/news?from=lenta_news "HTTP/1.1 200 OK"
INFO:httpx:HTTP Request: GET https://vtomske.ru/tag/tomsk "HTTP/1.1 200 OK"
INFO:httpx:HTTP Request: GET https://www.euronews.com/just-in "HTTP/1.1 200 OK"
INFO:httpx:HTTP Request: GET https://www.kommersant.ru/lenta/news?from=lenta_news "HTTP/1.1 200 OK"
INFO:httpx:HTTP Request: GET https://vtomske.ru/tag/tomsk "HTTP/1.1 200 OK"
INFO:httpx:HTTP Request: GET https://www.euronews.com/just-in "HTTP/1.1 200 OK"
INFO:httpx:HTTP Request: GET https://www.kommersant.ru/lenta/news?from=lenta_news "HTTP/1.1 200 OK"
INFO:httpx:HTTP Request: GET https://vtomske.ru/tag/tomsk "HTTP/1.1 200 OK"
INFO:httpx:HTTP Request: GET https://www.euronews.com/just-in "HTTP/1.1 200 OK"
INFO:httpx:HTTP Request: GET https://www.kommersant.ru/lenta/news?from=lenta_news "HTTP/1.1 200 OK"
INFO:httpx:HTTP Request: GET https://vtomske.ru/tag/tomsk "HTTP/1.1 200 OK"
INFO:httpx:HTTP Request: GET https://www.euronews.com/just-in "HTTP/1.1 200 OK"
INFO:httpx:HTTP Request: GET https://www.kommersant.ru/lenta/news?from=lenta_news "HTTP/1.1 200 OK"
INFO:httpx:HTTP Request: GET https://vtomske.ru/tag/tomsk "HTTP/1.1 200 OK"
INFO:httpx:HTTP Request: GET https://www.euronews.com/just-in "HTTP/1.1 200 OK"
INFO:httpx:HTTP Request: GET https://www.kommersant.ru/lenta/news?from=lenta_news "HTTP/1.1 200 OK"
INFO:httpx:HTTP Request: GET https://vtomske.ru/tag/tomsk "HTTP/1.1 200 OK"
INFO:httpx:HTTP Request: GET https://www.euronews.com/just-in "HTTP/1.1 200 OK"
INFO:httpx:HTTP Request: GET https://www.kommersant.ru/lenta/news?from=lenta_news "HTTP/1.1 200 OK"
INFO:httpx:HTTP Request: GET https://vtomske.ru/tag/tomsk "HTTP/1.1 200 OK"
INFO:httpx:HTTP Request: GET https://www.euronews.com/just-in "HTTP/1.1 200 OK"
INFO:httpx:HTTP Request: GET https://www.kommersant.ru/lenta/news?from=lenta_news "HTTP/1.1 200 OK"
INFO:httpx:HTTP Request: GET https://www.euronews.com/just-in "HTTP/1.1 200 OK"
INFO:httpx:HTTP Request: GET https://www.kommersant.ru/lenta/news?from=lenta_news "HTTP/1.1 200 OK"
INFO:httpx:HTTP Request: GET https://vtomske.ru/tag/tomsk "HTTP/1.1 200 OK"
INFO:httpx:HTTP Request: GET https://www.euronews.com/just-in "HTTP/1.1 200 OK"
INFO:httpx:HTTP Request: GET https://www.kommersant.ru/lenta/news?from=lenta_news "HTTP/1.1 200 OK"
INFO:httpx:HTTP Request: GET https://vtomske.ru/tag/tomsk "HTTP/1.1 200 OK"
INFO:httpx:HTTP Request: GET https://www.euronews.com/just-in "HTTP/1.1 200 OK"
INFO:httpx:HTTP Request: GET https://www.kommersant.ru/lenta/news?from=lenta_news "HTTP/1.1 200 OK"
INFO:httpx:HTTP Request: GET https://vtomske.ru/tag/tomsk "HTTP/1.1 200 OK"
ERROR:app.database.config_db:Ошибка при парсинге: 1
Traceback (most recent call last):
  File "C:\Users\Acer\OneDrive\Documents\Рабочий стол\Программирование GitHub\my_git\productivity\app\script.py", line 15, in check_euronews_and_kommersant
    logger.info(f"Начало парсинга: {SOURCE[1]} и {SOURCE[2]}")
                                    ~~~~~~^^^
KeyError: 1
ERROR:app.database.config_db:Ошибка при парсинге: 0
Traceback (most recent call last):
  File "C:\Users\Acer\OneDrive\Documents\Рабочий стол\Программирование GitHub\my_git\productivity\app\script.py", line 29, in check_vtomske
    logger.info(f"Начало парсинга: {SOURCE[0]}")
                                    ~~~~~~^^^
KeyError: 0
INFO:aiogram.dispatcher:Start polling
ERROR:app.database.config_db:Ошибка при парсинге: 1
Traceback (most recent call last):
  File "C:\Users\Acer\OneDrive\Documents\Рабочий стол\Программирование GitHub\my_git\productivity\app\script.py", line 15, in check_euronews_and_kommersant
    logger.info(f"Начало парсинга: {SOURCE[1]} и {SOURCE[2]}")
                                    ~~~~~~^^^
KeyError: 1
ERROR:app.database.config_db:Ошибка при парсинге: 0
Traceback (most recent call last):
  File "C:\Users\Acer\OneDrive\Documents\Рабочий стол\Программирование GitHub\my_git\productivity\app\script.py", line 29, in check_vtomske
    logger.info(f"Начало парсинга: {SOURCE[0]}")
                                    ~~~~~~^^^
KeyError: 0
INFO:aiogram.dispatcher:Run polling for bot @the_worldnews_bot id=8675249748 - 'NewsBot'
INFO:aiogram.event:Update id=937203005 is handled. Duration 391 ms by bot id=8675249748
INFO:aiogram.dispatcher:Polling stopped
ERROR:aiogram.dispatcher:Failed to fetch updates - TelegramNetworkError: HTTP Client says - ServerDisconnectedError: Server disconnected
WARNING:aiogram.dispatcher:Sleep for 1.000000 seconds and try again... (tryings = 0, bot id = 8675249748)
INFO:aiogram.dispatcher:Polling stopped for bot @the_worldnews_bot id=8675249748 - 'NewsBot'
INFO:aiogram.dispatcher:Start polling
ERROR:app.database.config_db:Ошибка при парсинге: 1
Traceback (most recent call last):
  File "C:\Users\Acer\OneDrive\Documents\Рабочий стол\Программирование GitHub\my_git\productivity\app\script.py", line 20, in check_euronews_and_kommersant
    logger.info(f"Начало парсинга: {SOURCE[1]} и {SOURCE[2]}")
                                    ~~~~~~^^^
KeyError: 1
ERROR:app.database.config_db:Ошибка при парсинге: 0
Traceback (most recent call last):
  File "C:\Users\Acer\OneDrive\Documents\Рабочий стол\Программирование GitHub\my_git\productivity\app\script.py", line 34, in check_vtomske
    logger.info(f"Начало парсинга: {SOURCE[0]}")
                                    ~~~~~~^^^
KeyError: 0
INFO:aiogram.dispatcher:Run polling for bot @the_worldnews_bot id=8675249748 - 'NewsBot'
INFO:aiogram.event:Update id=937203006 is not handled. Duration 0 ms by bot id=8675249748
ERROR:aiogram.event:Cause exception while process update id=937203006 by bot id=8675249748
KeyError: 0
Traceback (most recent call last):
  File "C:\Users\Acer\OneDrive\Documents\Рабочий стол\Программирование GitHub\my_git\productivity\venv\Lib\site-packages\aiogram\dispatcher\dispatcher.py", line 320, in _process_update
    response = await self.feed_update(bot, update, **kwargs)
               ^^^^^^^^^^^^^^^^^^^^^^^^^^^^^^^^^^^^^^^^^^^^^
  File "C:\Users\Acer\OneDrive\Documents\Рабочий стол\Программирование GitHub\my_git\productivity\venv\Lib\site-packages\aiogram\dispatcher\dispatcher.py", line 164, in feed_update
    response = await self.update.wrap_outer_middleware(
               ^^^^^^^^^^^^^^^^^^^^^^^^^^^^^^^^^^^^^^^^
  File "C:\Users\Acer\OneDrive\Documents\Рабочий стол\Программирование GitHub\my_git\productivity\venv\Lib\site-packages\aiogram\dispatcher\middlewares\error.py", line 27, in __call__
    return await handler(event, data)
           ^^^^^^^^^^^^^^^^^^^^^^^^^^
  File "C:\Users\Acer\OneDrive\Documents\Рабочий стол\Программирование GitHub\my_git\productivity\venv\Lib\site-packages\aiogram\dispatcher\middlewares\user_context.py", line 58, in __call__
    return await handler(event, data)
           ^^^^^^^^^^^^^^^^^^^^^^^^^^
  File "C:\Users\Acer\AppData\Local\Programs\Python\Python311\Lib\contextlib.py", line 222, in __aexit__
    await self.gen.athrow(typ, value, traceback)
  File "C:\Users\Acer\OneDrive\Documents\Рабочий стол\Программирование GitHub\my_git\productivity\venv\Lib\site-packages\aiogram\fsm\storage\memory.py", line 77, in lock
    yield
  File "C:\Users\Acer\OneDrive\Documents\Рабочий стол\Программирование GitHub\my_git\productivity\venv\Lib\site-packages\aiogram\fsm\middleware.py", line 43, in __call__
    return await handler(event, data)
           ^^^^^^^^^^^^^^^^^^^^^^^^^^
  File "C:\Users\Acer\OneDrive\Documents\Рабочий стол\Программирование GitHub\my_git\productivity\venv\Lib\site-packages\aiogram\dispatcher\event\telegram.py", line 126, in trigger
    return await wrapped_inner(event, kwargs)
           ^^^^^^^^^^^^^^^^^^^^^^^^^^^^^^^^^^
  File "C:\Users\Acer\OneDrive\Documents\Рабочий стол\Программирование GitHub\my_git\productivity\venv\Lib\site-packages\aiogram\dispatcher\event\handler.py", line 71, in call
    return await wrapped()
           ^^^^^^^^^^^^^^^
  File "C:\Users\Acer\OneDrive\Documents\Рабочий стол\Программирование GitHub\my_git\productivity\venv\Lib\site-packages\aiogram\dispatcher\dispatcher.py", line 283, in _listen_update
    return await self.propagate_event(update_type=update_type, event=event, **kwargs)
           ^^^^^^^^^^^^^^^^^^^^^^^^^^^^^^^^^^^^^^^^^^^^^^^^^^^^^^^^^^^^^^^^^^^^^^^^^^
  File "C:\Users\Acer\OneDrive\Documents\Рабочий стол\Программирование GitHub\my_git\productivity\venv\Lib\site-packages\aiogram\dispatcher\router.py", line 163, in propagate_event
    return await observer.wrap_outer_middleware(_wrapped, event=event, data=kwargs)
           ^^^^^^^^^^^^^^^^^^^^^^^^^^^^^^^^^^^^^^^^^^^^^^^^^^^^^^^^^^^^^^^^^^^^^^^^
  File "C:\Users\Acer\OneDrive\Documents\Рабочий стол\Программирование GitHub\my_git\productivity\venv\Lib\site-packages\aiogram\dispatcher\router.py", line 155, in _wrapped
    return await self._propagate_event(
           ^^^^^^^^^^^^^^^^^^^^^^^^^^^^
  File "C:\Users\Acer\OneDrive\Documents\Рабочий стол\Программирование GitHub\my_git\productivity\venv\Lib\site-packages\aiogram\dispatcher\router.py", line 191, in _propagate_event
    response = await router.propagate_event(update_type=update_type, event=event, **kwargs)
               ^^^^^^^^^^^^^^^^^^^^^^^^^^^^^^^^^^^^^^^^^^^^^^^^^^^^^^^^^^^^^^^^^^^^^^^^^^^^
  File "C:\Users\Acer\OneDrive\Documents\Рабочий стол\Программирование GitHub\my_git\productivity\venv\Lib\site-packages\aiogram\dispatcher\router.py", line 163, in propagate_event
    return await observer.wrap_outer_middleware(_wrapped, event=event, data=kwargs)
           ^^^^^^^^^^^^^^^^^^^^^^^^^^^^^^^^^^^^^^^^^^^^^^^^^^^^^^^^^^^^^^^^^^^^^^^^
  File "C:\Users\Acer\OneDrive\Documents\Рабочий стол\Программирование GitHub\my_git\productivity\venv\Lib\site-packages\aiogram\dispatcher\router.py", line 155, in _wrapped
    return await self._propagate_event(
           ^^^^^^^^^^^^^^^^^^^^^^^^^^^^
  File "C:\Users\Acer\OneDrive\Documents\Рабочий стол\Программирование GitHub\my_git\productivity\venv\Lib\site-packages\aiogram\dispatcher\router.py", line 183, in _propagate_event
    response = await observer.trigger(event, **kwargs)
               ^^^^^^^^^^^^^^^^^^^^^^^^^^^^^^^^^^^^^^^
  File "C:\Users\Acer\OneDrive\Documents\Рабочий стол\Программирование GitHub\my_git\productivity\venv\Lib\site-packages\aiogram\dispatcher\event\telegram.py", line 126, in trigger
    return await wrapped_inner(event, kwargs)
           ^^^^^^^^^^^^^^^^^^^^^^^^^^^^^^^^^^
  File "C:\Users\Acer\OneDrive\Documents\Рабочий стол\Программирование GitHub\my_git\productivity\venv\Lib\site-packages\aiogram\dispatcher\event\handler.py", line 71, in call
    return await wrapped()
           ^^^^^^^^^^^^^^^
  File "C:\Users\Acer\OneDrive\Documents\Рабочий стол\Программирование GitHub\my_git\productivity\app\bot\handlers\start.py", line 13, in process_command_start
    f"с таких источников как {SOURCE[0]}, {SOURCE[1]} и {SOURCE[2]}\n"
                              ~~~~~~^^^
KeyError: 0
INFO:aiogram.event:Update id=937203007 is not handled. Duration 0 ms by bot id=8675249748
ERROR:aiogram.event:Cause exception while process update id=937203007 by bot id=8675249748
KeyError: 0
Traceback (most recent call last):
  File "C:\Users\Acer\OneDrive\Documents\Рабочий стол\Программирование GitHub\my_git\productivity\venv\Lib\site-packages\aiogram\dispatcher\dispatcher.py", line 320, in _process_update
    response = await self.feed_update(bot, update, **kwargs)
               ^^^^^^^^^^^^^^^^^^^^^^^^^^^^^^^^^^^^^^^^^^^^^
  File "C:\Users\Acer\OneDrive\Documents\Рабочий стол\Программирование GitHub\my_git\productivity\venv\Lib\site-packages\aiogram\dispatcher\dispatcher.py", line 164, in feed_update
    response = await self.update.wrap_outer_middleware(
               ^^^^^^^^^^^^^^^^^^^^^^^^^^^^^^^^^^^^^^^^
  File "C:\Users\Acer\OneDrive\Documents\Рабочий стол\Программирование GitHub\my_git\productivity\venv\Lib\site-packages\aiogram\dispatcher\middlewares\error.py", line 27, in __call__
    return await handler(event, data)
           ^^^^^^^^^^^^^^^^^^^^^^^^^^
  File "C:\Users\Acer\OneDrive\Documents\Рабочий стол\Программирование GitHub\my_git\productivity\venv\Lib\site-packages\aiogram\dispatcher\middlewares\user_context.py", line 58, in __call__
    return await handler(event, data)
           ^^^^^^^^^^^^^^^^^^^^^^^^^^
  File "C:\Users\Acer\AppData\Local\Programs\Python\Python311\Lib\contextlib.py", line 222, in __aexit__
    await self.gen.athrow(typ, value, traceback)
  File "C:\Users\Acer\OneDrive\Documents\Рабочий стол\Программирование GitHub\my_git\productivity\venv\Lib\site-packages\aiogram\fsm\storage\memory.py", line 77, in lock
    yield
  File "C:\Users\Acer\OneDrive\Documents\Рабочий стол\Программирование GitHub\my_git\productivity\venv\Lib\site-packages\aiogram\fsm\middleware.py", line 43, in __call__
    return await handler(event, data)
           ^^^^^^^^^^^^^^^^^^^^^^^^^^
  File "C:\Users\Acer\OneDrive\Documents\Рабочий стол\Программирование GitHub\my_git\productivity\venv\Lib\site-packages\aiogram\dispatcher\event\telegram.py", line 126, in trigger
    return await wrapped_inner(event, kwargs)
           ^^^^^^^^^^^^^^^^^^^^^^^^^^^^^^^^^^
  File "C:\Users\Acer\OneDrive\Documents\Рабочий стол\Программирование GitHub\my_git\productivity\venv\Lib\site-packages\aiogram\dispatcher\event\handler.py", line 71, in call
    return await wrapped()
           ^^^^^^^^^^^^^^^
  File "C:\Users\Acer\OneDrive\Documents\Рабочий стол\Программирование GitHub\my_git\productivity\venv\Lib\site-packages\aiogram\dispatcher\dispatcher.py", line 283, in _listen_update
    return await self.propagate_event(update_type=update_type, event=event, **kwargs)
           ^^^^^^^^^^^^^^^^^^^^^^^^^^^^^^^^^^^^^^^^^^^^^^^^^^^^^^^^^^^^^^^^^^^^^^^^^^
  File "C:\Users\Acer\OneDrive\Documents\Рабочий стол\Программирование GitHub\my_git\productivity\venv\Lib\site-packages\aiogram\dispatcher\router.py", line 163, in propagate_event
    return await observer.wrap_outer_middleware(_wrapped, event=event, data=kwargs)
           ^^^^^^^^^^^^^^^^^^^^^^^^^^^^^^^^^^^^^^^^^^^^^^^^^^^^^^^^^^^^^^^^^^^^^^^^
  File "C:\Users\Acer\OneDrive\Documents\Рабочий стол\Программирование GitHub\my_git\productivity\venv\Lib\site-packages\aiogram\dispatcher\router.py", line 155, in _wrapped
    return await self._propagate_event(
           ^^^^^^^^^^^^^^^^^^^^^^^^^^^^
  File "C:\Users\Acer\OneDrive\Documents\Рабочий стол\Программирование GitHub\my_git\productivity\venv\Lib\site-packages\aiogram\dispatcher\router.py", line 191, in _propagate_event
    response = await router.propagate_event(update_type=update_type, event=event, **kwargs)
               ^^^^^^^^^^^^^^^^^^^^^^^^^^^^^^^^^^^^^^^^^^^^^^^^^^^^^^^^^^^^^^^^^^^^^^^^^^^^
  File "C:\Users\Acer\OneDrive\Documents\Рабочий стол\Программирование GitHub\my_git\productivity\venv\Lib\site-packages\aiogram\dispatcher\router.py", line 163, in propagate_event
    return await observer.wrap_outer_middleware(_wrapped, event=event, data=kwargs)
           ^^^^^^^^^^^^^^^^^^^^^^^^^^^^^^^^^^^^^^^^^^^^^^^^^^^^^^^^^^^^^^^^^^^^^^^^
  File "C:\Users\Acer\OneDrive\Documents\Рабочий стол\Программирование GitHub\my_git\productivity\venv\Lib\site-packages\aiogram\dispatcher\router.py", line 155, in _wrapped
    return await self._propagate_event(
           ^^^^^^^^^^^^^^^^^^^^^^^^^^^^
  File "C:\Users\Acer\OneDrive\Documents\Рабочий стол\Программирование GitHub\my_git\productivity\venv\Lib\site-packages\aiogram\dispatcher\router.py", line 183, in _propagate_event
    response = await observer.trigger(event, **kwargs)
               ^^^^^^^^^^^^^^^^^^^^^^^^^^^^^^^^^^^^^^^
  File "C:\Users\Acer\OneDrive\Documents\Рабочий стол\Программирование GitHub\my_git\productivity\venv\Lib\site-packages\aiogram\dispatcher\event\telegram.py", line 126, in trigger
    return await wrapped_inner(event, kwargs)
           ^^^^^^^^^^^^^^^^^^^^^^^^^^^^^^^^^^
  File "C:\Users\Acer\OneDrive\Documents\Рабочий стол\Программирование GitHub\my_git\productivity\venv\Lib\site-packages\aiogram\dispatcher\event\handler.py", line 71, in call
    return await wrapped()
           ^^^^^^^^^^^^^^^
  File "C:\Users\Acer\OneDrive\Documents\Рабочий стол\Программирование GitHub\my_git\productivity\app\bot\handlers\start.py", line 13, in process_command_start
    f"с таких источников как {SOURCE[0]}, {SOURCE[1]} и {SOURCE[2]}\n"
                              ~~~~~~^^^
KeyError: 0
INFO:aiogram.event:Update id=937203008 is not handled. Duration 0 ms by bot id=8675249748
ERROR:aiogram.event:Cause exception while process update id=937203008 by bot id=8675249748
KeyError: 0
Traceback (most recent call last):
  File "C:\Users\Acer\OneDrive\Documents\Рабочий стол\Программирование GitHub\my_git\productivity\venv\Lib\site-packages\aiogram\dispatcher\dispatcher.py", line 320, in _process_update
    response = await self.feed_update(bot, update, **kwargs)
               ^^^^^^^^^^^^^^^^^^^^^^^^^^^^^^^^^^^^^^^^^^^^^
  File "C:\Users\Acer\OneDrive\Documents\Рабочий стол\Программирование GitHub\my_git\productivity\venv\Lib\site-packages\aiogram\dispatcher\dispatcher.py", line 164, in feed_update
    response = await self.update.wrap_outer_middleware(
               ^^^^^^^^^^^^^^^^^^^^^^^^^^^^^^^^^^^^^^^^
  File "C:\Users\Acer\OneDrive\Documents\Рабочий стол\Программирование GitHub\my_git\productivity\venv\Lib\site-packages\aiogram\dispatcher\middlewares\error.py", line 27, in __call__
    return await handler(event, data)
           ^^^^^^^^^^^^^^^^^^^^^^^^^^
  File "C:\Users\Acer\OneDrive\Documents\Рабочий стол\Программирование GitHub\my_git\productivity\venv\Lib\site-packages\aiogram\dispatcher\middlewares\user_context.py", line 58, in __call__
    return await handler(event, data)
           ^^^^^^^^^^^^^^^^^^^^^^^^^^
  File "C:\Users\Acer\AppData\Local\Programs\Python\Python311\Lib\contextlib.py", line 222, in __aexit__
    await self.gen.athrow(typ, value, traceback)
  File "C:\Users\Acer\OneDrive\Documents\Рабочий стол\Программирование GitHub\my_git\productivity\venv\Lib\site-packages\aiogram\fsm\storage\memory.py", line 77, in lock
    yield
  File "C:\Users\Acer\OneDrive\Documents\Рабочий стол\Программирование GitHub\my_git\productivity\venv\Lib\site-packages\aiogram\fsm\middleware.py", line 43, in __call__
    return await handler(event, data)
           ^^^^^^^^^^^^^^^^^^^^^^^^^^
  File "C:\Users\Acer\OneDrive\Documents\Рабочий стол\Программирование GitHub\my_git\productivity\venv\Lib\site-packages\aiogram\dispatcher\event\telegram.py", line 126, in trigger
    return await wrapped_inner(event, kwargs)
           ^^^^^^^^^^^^^^^^^^^^^^^^^^^^^^^^^^
  File "C:\Users\Acer\OneDrive\Documents\Рабочий стол\Программирование GitHub\my_git\productivity\venv\Lib\site-packages\aiogram\dispatcher\event\handler.py", line 71, in call
    return await wrapped()
           ^^^^^^^^^^^^^^^
  File "C:\Users\Acer\OneDrive\Documents\Рабочий стол\Программирование GitHub\my_git\productivity\venv\Lib\site-packages\aiogram\dispatcher\dispatcher.py", line 283, in _listen_update
    return await self.propagate_event(update_type=update_type, event=event, **kwargs)
           ^^^^^^^^^^^^^^^^^^^^^^^^^^^^^^^^^^^^^^^^^^^^^^^^^^^^^^^^^^^^^^^^^^^^^^^^^^
  File "C:\Users\Acer\OneDrive\Documents\Рабочий стол\Программирование GitHub\my_git\productivity\venv\Lib\site-packages\aiogram\dispatcher\router.py", line 163, in propagate_event
    return await observer.wrap_outer_middleware(_wrapped, event=event, data=kwargs)
           ^^^^^^^^^^^^^^^^^^^^^^^^^^^^^^^^^^^^^^^^^^^^^^^^^^^^^^^^^^^^^^^^^^^^^^^^
  File "C:\Users\Acer\OneDrive\Documents\Рабочий стол\Программирование GitHub\my_git\productivity\venv\Lib\site-packages\aiogram\dispatcher\router.py", line 155, in _wrapped
    return await self._propagate_event(
           ^^^^^^^^^^^^^^^^^^^^^^^^^^^^
  File "C:\Users\Acer\OneDrive\Documents\Рабочий стол\Программирование GitHub\my_git\productivity\venv\Lib\site-packages\aiogram\dispatcher\router.py", line 191, in _propagate_event
    response = await router.propagate_event(update_type=update_type, event=event, **kwargs)
               ^^^^^^^^^^^^^^^^^^^^^^^^^^^^^^^^^^^^^^^^^^^^^^^^^^^^^^^^^^^^^^^^^^^^^^^^^^^^
  File "C:\Users\Acer\OneDrive\Documents\Рабочий стол\Программирование GitHub\my_git\productivity\venv\Lib\site-packages\aiogram\dispatcher\router.py", line 163, in propagate_event
    return await observer.wrap_outer_middleware(_wrapped, event=event, data=kwargs)
           ^^^^^^^^^^^^^^^^^^^^^^^^^^^^^^^^^^^^^^^^^^^^^^^^^^^^^^^^^^^^^^^^^^^^^^^^
  File "C:\Users\Acer\OneDrive\Documents\Рабочий стол\Программирование GitHub\my_git\productivity\venv\Lib\site-packages\aiogram\dispatcher\router.py", line 155, in _wrapped
    return await self._propagate_event(
           ^^^^^^^^^^^^^^^^^^^^^^^^^^^^
  File "C:\Users\Acer\OneDrive\Documents\Рабочий стол\Программирование GitHub\my_git\productivity\venv\Lib\site-packages\aiogram\dispatcher\router.py", line 183, in _propagate_event
    response = await observer.trigger(event, **kwargs)
               ^^^^^^^^^^^^^^^^^^^^^^^^^^^^^^^^^^^^^^^
  File "C:\Users\Acer\OneDrive\Documents\Рабочий стол\Программирование GitHub\my_git\productivity\venv\Lib\site-packages\aiogram\dispatcher\event\telegram.py", line 126, in trigger
    return await wrapped_inner(event, kwargs)
           ^^^^^^^^^^^^^^^^^^^^^^^^^^^^^^^^^^
  File "C:\Users\Acer\OneDrive\Documents\Рабочий стол\Программирование GitHub\my_git\productivity\venv\Lib\site-packages\aiogram\dispatcher\event\handler.py", line 71, in call
    return await wrapped()
           ^^^^^^^^^^^^^^^
  File "C:\Users\Acer\OneDrive\Documents\Рабочий стол\Программирование GitHub\my_git\productivity\app\bot\handlers\start.py", line 13, in process_command_start
    f"с таких источников как {SOURCE[0]}, {SOURCE[1]} и {SOURCE[2]}\n"
                              ~~~~~~^^^
KeyError: 0
INFO:aiogram.event:Update id=937203009 is not handled. Duration 0 ms by bot id=8675249748
ERROR:aiogram.event:Cause exception while process update id=937203009 by bot id=8675249748
KeyError: 0
Traceback (most recent call last):
  File "C:\Users\Acer\OneDrive\Documents\Рабочий стол\Программирование GitHub\my_git\productivity\venv\Lib\site-packages\aiogram\dispatcher\dispatcher.py", line 320, in _process_update
    response = await self.feed_update(bot, update, **kwargs)
               ^^^^^^^^^^^^^^^^^^^^^^^^^^^^^^^^^^^^^^^^^^^^^
  File "C:\Users\Acer\OneDrive\Documents\Рабочий стол\Программирование GitHub\my_git\productivity\venv\Lib\site-packages\aiogram\dispatcher\dispatcher.py", line 164, in feed_update
    response = await self.update.wrap_outer_middleware(
               ^^^^^^^^^^^^^^^^^^^^^^^^^^^^^^^^^^^^^^^^
  File "C:\Users\Acer\OneDrive\Documents\Рабочий стол\Программирование GitHub\my_git\productivity\venv\Lib\site-packages\aiogram\dispatcher\middlewares\error.py", line 27, in __call__
    return await handler(event, data)
           ^^^^^^^^^^^^^^^^^^^^^^^^^^
  File "C:\Users\Acer\OneDrive\Documents\Рабочий стол\Программирование GitHub\my_git\productivity\venv\Lib\site-packages\aiogram\dispatcher\middlewares\user_context.py", line 58, in __call__
    return await handler(event, data)
           ^^^^^^^^^^^^^^^^^^^^^^^^^^
  File "C:\Users\Acer\AppData\Local\Programs\Python\Python311\Lib\contextlib.py", line 222, in __aexit__
    await self.gen.athrow(typ, value, traceback)
  File "C:\Users\Acer\OneDrive\Documents\Рабочий стол\Программирование GitHub\my_git\productivity\venv\Lib\site-packages\aiogram\fsm\storage\memory.py", line 77, in lock
    yield
  File "C:\Users\Acer\OneDrive\Documents\Рабочий стол\Программирование GitHub\my_git\productivity\venv\Lib\site-packages\aiogram\fsm\middleware.py", line 43, in __call__
    return await handler(event, data)
           ^^^^^^^^^^^^^^^^^^^^^^^^^^
  File "C:\Users\Acer\OneDrive\Documents\Рабочий стол\Программирование GitHub\my_git\productivity\venv\Lib\site-packages\aiogram\dispatcher\event\telegram.py", line 126, in trigger
    return await wrapped_inner(event, kwargs)
           ^^^^^^^^^^^^^^^^^^^^^^^^^^^^^^^^^^
  File "C:\Users\Acer\OneDrive\Documents\Рабочий стол\Программирование GitHub\my_git\productivity\venv\Lib\site-packages\aiogram\dispatcher\event\handler.py", line 71, in call
    return await wrapped()
           ^^^^^^^^^^^^^^^
  File "C:\Users\Acer\OneDrive\Documents\Рабочий стол\Программирование GitHub\my_git\productivity\venv\Lib\site-packages\aiogram\dispatcher\dispatcher.py", line 283, in _listen_update
    return await self.propagate_event(update_type=update_type, event=event, **kwargs)
           ^^^^^^^^^^^^^^^^^^^^^^^^^^^^^^^^^^^^^^^^^^^^^^^^^^^^^^^^^^^^^^^^^^^^^^^^^^
  File "C:\Users\Acer\OneDrive\Documents\Рабочий стол\Программирование GitHub\my_git\productivity\venv\Lib\site-packages\aiogram\dispatcher\router.py", line 163, in propagate_event
    return await observer.wrap_outer_middleware(_wrapped, event=event, data=kwargs)
           ^^^^^^^^^^^^^^^^^^^^^^^^^^^^^^^^^^^^^^^^^^^^^^^^^^^^^^^^^^^^^^^^^^^^^^^^
  File "C:\Users\Acer\OneDrive\Documents\Рабочий стол\Программирование GitHub\my_git\productivity\venv\Lib\site-packages\aiogram\dispatcher\router.py", line 155, in _wrapped
    return await self._propagate_event(
           ^^^^^^^^^^^^^^^^^^^^^^^^^^^^
  File "C:\Users\Acer\OneDrive\Documents\Рабочий стол\Программирование GitHub\my_git\productivity\venv\Lib\site-packages\aiogram\dispatcher\router.py", line 191, in _propagate_event
    response = await router.propagate_event(update_type=update_type, event=event, **kwargs)
               ^^^^^^^^^^^^^^^^^^^^^^^^^^^^^^^^^^^^^^^^^^^^^^^^^^^^^^^^^^^^^^^^^^^^^^^^^^^^
  File "C:\Users\Acer\OneDrive\Documents\Рабочий стол\Программирование GitHub\my_git\productivity\venv\Lib\site-packages\aiogram\dispatcher\router.py", line 163, in propagate_event
    return await observer.wrap_outer_middleware(_wrapped, event=event, data=kwargs)
           ^^^^^^^^^^^^^^^^^^^^^^^^^^^^^^^^^^^^^^^^^^^^^^^^^^^^^^^^^^^^^^^^^^^^^^^^
  File "C:\Users\Acer\OneDrive\Documents\Рабочий стол\Программирование GitHub\my_git\productivity\venv\Lib\site-packages\aiogram\dispatcher\router.py", line 155, in _wrapped
    return await self._propagate_event(
           ^^^^^^^^^^^^^^^^^^^^^^^^^^^^
  File "C:\Users\Acer\OneDrive\Documents\Рабочий стол\Программирование GitHub\my_git\productivity\venv\Lib\site-packages\aiogram\dispatcher\router.py", line 183, in _propagate_event
    response = await observer.trigger(event, **kwargs)
               ^^^^^^^^^^^^^^^^^^^^^^^^^^^^^^^^^^^^^^^
  File "C:\Users\Acer\OneDrive\Documents\Рабочий стол\Программирование GitHub\my_git\productivity\venv\Lib\site-packages\aiogram\dispatcher\event\telegram.py", line 126, in trigger
    return await wrapped_inner(event, kwargs)
           ^^^^^^^^^^^^^^^^^^^^^^^^^^^^^^^^^^
  File "C:\Users\Acer\OneDrive\Documents\Рабочий стол\Программирование GitHub\my_git\productivity\venv\Lib\site-packages\aiogram\dispatcher\event\handler.py", line 71, in call
    return await wrapped()
           ^^^^^^^^^^^^^^^
  File "C:\Users\Acer\OneDrive\Documents\Рабочий стол\Программирование GitHub\my_git\productivity\app\bot\handlers\start.py", line 13, in process_command_start
    f"с таких источников как {SOURCE[0]}, {SOURCE[1]} и {SOURCE[2]}\n"
                              ~~~~~~^^^
KeyError: 0
INFO:aiogram.event:Update id=937203010 is not handled. Duration 0 ms by bot id=8675249748
ERROR:aiogram.event:Cause exception while process update id=937203010 by bot id=8675249748
KeyError: 0
Traceback (most recent call last):
  File "C:\Users\Acer\OneDrive\Documents\Рабочий стол\Программирование GitHub\my_git\productivity\venv\Lib\site-packages\aiogram\dispatcher\dispatcher.py", line 320, in _process_update
    response = await self.feed_update(bot, update, **kwargs)
               ^^^^^^^^^^^^^^^^^^^^^^^^^^^^^^^^^^^^^^^^^^^^^
  File "C:\Users\Acer\OneDrive\Documents\Рабочий стол\Программирование GitHub\my_git\productivity\venv\Lib\site-packages\aiogram\dispatcher\dispatcher.py", line 164, in feed_update
    response = await self.update.wrap_outer_middleware(
               ^^^^^^^^^^^^^^^^^^^^^^^^^^^^^^^^^^^^^^^^
  File "C:\Users\Acer\OneDrive\Documents\Рабочий стол\Программирование GitHub\my_git\productivity\venv\Lib\site-packages\aiogram\dispatcher\middlewares\error.py", line 27, in __call__
    return await handler(event, data)
           ^^^^^^^^^^^^^^^^^^^^^^^^^^
  File "C:\Users\Acer\OneDrive\Documents\Рабочий стол\Программирование GitHub\my_git\productivity\venv\Lib\site-packages\aiogram\dispatcher\middlewares\user_context.py", line 58, in __call__
    return await handler(event, data)
           ^^^^^^^^^^^^^^^^^^^^^^^^^^
  File "C:\Users\Acer\AppData\Local\Programs\Python\Python311\Lib\contextlib.py", line 222, in __aexit__
    await self.gen.athrow(typ, value, traceback)
  File "C:\Users\Acer\OneDrive\Documents\Рабочий стол\Программирование GitHub\my_git\productivity\venv\Lib\site-packages\aiogram\fsm\storage\memory.py", line 77, in lock
    yield
  File "C:\Users\Acer\OneDrive\Documents\Рабочий стол\Программирование GitHub\my_git\productivity\venv\Lib\site-packages\aiogram\fsm\middleware.py", line 43, in __call__
    return await handler(event, data)
           ^^^^^^^^^^^^^^^^^^^^^^^^^^
  File "C:\Users\Acer\OneDrive\Documents\Рабочий стол\Программирование GitHub\my_git\productivity\venv\Lib\site-packages\aiogram\dispatcher\event\telegram.py", line 126, in trigger
    return await wrapped_inner(event, kwargs)
           ^^^^^^^^^^^^^^^^^^^^^^^^^^^^^^^^^^
  File "C:\Users\Acer\OneDrive\Documents\Рабочий стол\Программирование GitHub\my_git\productivity\venv\Lib\site-packages\aiogram\dispatcher\event\handler.py", line 71, in call
    return await wrapped()
           ^^^^^^^^^^^^^^^
  File "C:\Users\Acer\OneDrive\Documents\Рабочий стол\Программирование GitHub\my_git\productivity\venv\Lib\site-packages\aiogram\dispatcher\dispatcher.py", line 283, in _listen_update
    return await self.propagate_event(update_type=update_type, event=event, **kwargs)
           ^^^^^^^^^^^^^^^^^^^^^^^^^^^^^^^^^^^^^^^^^^^^^^^^^^^^^^^^^^^^^^^^^^^^^^^^^^
  File "C:\Users\Acer\OneDrive\Documents\Рабочий стол\Программирование GitHub\my_git\productivity\venv\Lib\site-packages\aiogram\dispatcher\router.py", line 163, in propagate_event
    return await observer.wrap_outer_middleware(_wrapped, event=event, data=kwargs)
           ^^^^^^^^^^^^^^^^^^^^^^^^^^^^^^^^^^^^^^^^^^^^^^^^^^^^^^^^^^^^^^^^^^^^^^^^
  File "C:\Users\Acer\OneDrive\Documents\Рабочий стол\Программирование GitHub\my_git\productivity\venv\Lib\site-packages\aiogram\dispatcher\router.py", line 155, in _wrapped
    return await self._propagate_event(
           ^^^^^^^^^^^^^^^^^^^^^^^^^^^^
  File "C:\Users\Acer\OneDrive\Documents\Рабочий стол\Программирование GitHub\my_git\productivity\venv\Lib\site-packages\aiogram\dispatcher\router.py", line 191, in _propagate_event
    response = await router.propagate_event(update_type=update_type, event=event, **kwargs)
               ^^^^^^^^^^^^^^^^^^^^^^^^^^^^^^^^^^^^^^^^^^^^^^^^^^^^^^^^^^^^^^^^^^^^^^^^^^^^
  File "C:\Users\Acer\OneDrive\Documents\Рабочий стол\Программирование GitHub\my_git\productivity\venv\Lib\site-packages\aiogram\dispatcher\router.py", line 163, in propagate_event
    return await observer.wrap_outer_middleware(_wrapped, event=event, data=kwargs)
           ^^^^^^^^^^^^^^^^^^^^^^^^^^^^^^^^^^^^^^^^^^^^^^^^^^^^^^^^^^^^^^^^^^^^^^^^
  File "C:\Users\Acer\OneDrive\Documents\Рабочий стол\Программирование GitHub\my_git\productivity\venv\Lib\site-packages\aiogram\dispatcher\router.py", line 155, in _wrapped
    return await self._propagate_event(
           ^^^^^^^^^^^^^^^^^^^^^^^^^^^^
  File "C:\Users\Acer\OneDrive\Documents\Рабочий стол\Программирование GitHub\my_git\productivity\venv\Lib\site-packages\aiogram\dispatcher\router.py", line 183, in _propagate_event
    response = await observer.trigger(event, **kwargs)
               ^^^^^^^^^^^^^^^^^^^^^^^^^^^^^^^^^^^^^^^
  File "C:\Users\Acer\OneDrive\Documents\Рабочий стол\Программирование GitHub\my_git\productivity\venv\Lib\site-packages\aiogram\dispatcher\event\telegram.py", line 126, in trigger
    return await wrapped_inner(event, kwargs)
           ^^^^^^^^^^^^^^^^^^^^^^^^^^^^^^^^^^
  File "C:\Users\Acer\OneDrive\Documents\Рабочий стол\Программирование GitHub\my_git\productivity\venv\Lib\site-packages\aiogram\dispatcher\event\handler.py", line 71, in call
    return await wrapped()
           ^^^^^^^^^^^^^^^
  File "C:\Users\Acer\OneDrive\Documents\Рабочий стол\Программирование GitHub\my_git\productivity\app\bot\handlers\start.py", line 13, in process_command_start
    f"с таких источников как {SOURCE[0]}, {SOURCE[1]} и {SOURCE[2]}\n"
                              ~~~~~~^^^
KeyError: 0
INFO:aiogram.event:Update id=937203011 is not handled. Duration 0 ms by bot id=8675249748
ERROR:aiogram.event:Cause exception while process update id=937203011 by bot id=8675249748
KeyError: 0
Traceback (most recent call last):
  File "C:\Users\Acer\OneDrive\Documents\Рабочий стол\Программирование GitHub\my_git\productivity\venv\Lib\site-packages\aiogram\dispatcher\dispatcher.py", line 320, in _process_update
    response = await self.feed_update(bot, update, **kwargs)
               ^^^^^^^^^^^^^^^^^^^^^^^^^^^^^^^^^^^^^^^^^^^^^
  File "C:\Users\Acer\OneDrive\Documents\Рабочий стол\Программирование GitHub\my_git\productivity\venv\Lib\site-packages\aiogram\dispatcher\dispatcher.py", line 164, in feed_update
    response = await self.update.wrap_outer_middleware(
               ^^^^^^^^^^^^^^^^^^^^^^^^^^^^^^^^^^^^^^^^
  File "C:\Users\Acer\OneDrive\Documents\Рабочий стол\Программирование GitHub\my_git\productivity\venv\Lib\site-packages\aiogram\dispatcher\middlewares\error.py", line 27, in __call__
    return await handler(event, data)
           ^^^^^^^^^^^^^^^^^^^^^^^^^^
  File "C:\Users\Acer\OneDrive\Documents\Рабочий стол\Программирование GitHub\my_git\productivity\venv\Lib\site-packages\aiogram\dispatcher\middlewares\user_context.py", line 58, in __call__
    return await handler(event, data)
           ^^^^^^^^^^^^^^^^^^^^^^^^^^
  File "C:\Users\Acer\AppData\Local\Programs\Python\Python311\Lib\contextlib.py", line 222, in __aexit__
    await self.gen.athrow(typ, value, traceback)
  File "C:\Users\Acer\OneDrive\Documents\Рабочий стол\Программирование GitHub\my_git\productivity\venv\Lib\site-packages\aiogram\fsm\storage\memory.py", line 77, in lock
    yield
  File "C:\Users\Acer\OneDrive\Documents\Рабочий стол\Программирование GitHub\my_git\productivity\venv\Lib\site-packages\aiogram\fsm\middleware.py", line 43, in __call__
    return await handler(event, data)
           ^^^^^^^^^^^^^^^^^^^^^^^^^^
  File "C:\Users\Acer\OneDrive\Documents\Рабочий стол\Программирование GitHub\my_git\productivity\venv\Lib\site-packages\aiogram\dispatcher\event\telegram.py", line 126, in trigger
    return await wrapped_inner(event, kwargs)
           ^^^^^^^^^^^^^^^^^^^^^^^^^^^^^^^^^^
  File "C:\Users\Acer\OneDrive\Documents\Рабочий стол\Программирование GitHub\my_git\productivity\venv\Lib\site-packages\aiogram\dispatcher\event\handler.py", line 71, in call
    return await wrapped()
           ^^^^^^^^^^^^^^^
  File "C:\Users\Acer\OneDrive\Documents\Рабочий стол\Программирование GitHub\my_git\productivity\venv\Lib\site-packages\aiogram\dispatcher\dispatcher.py", line 283, in _listen_update
    return await self.propagate_event(update_type=update_type, event=event, **kwargs)
           ^^^^^^^^^^^^^^^^^^^^^^^^^^^^^^^^^^^^^^^^^^^^^^^^^^^^^^^^^^^^^^^^^^^^^^^^^^
  File "C:\Users\Acer\OneDrive\Documents\Рабочий стол\Программирование GitHub\my_git\productivity\venv\Lib\site-packages\aiogram\dispatcher\router.py", line 163, in propagate_event
    return await observer.wrap_outer_middleware(_wrapped, event=event, data=kwargs)
           ^^^^^^^^^^^^^^^^^^^^^^^^^^^^^^^^^^^^^^^^^^^^^^^^^^^^^^^^^^^^^^^^^^^^^^^^
  File "C:\Users\Acer\OneDrive\Documents\Рабочий стол\Программирование GitHub\my_git\productivity\venv\Lib\site-packages\aiogram\dispatcher\router.py", line 155, in _wrapped
    return await self._propagate_event(
           ^^^^^^^^^^^^^^^^^^^^^^^^^^^^
  File "C:\Users\Acer\OneDrive\Documents\Рабочий стол\Программирование GitHub\my_git\productivity\venv\Lib\site-packages\aiogram\dispatcher\router.py", line 191, in _propagate_event
    response = await router.propagate_event(update_type=update_type, event=event, **kwargs)
               ^^^^^^^^^^^^^^^^^^^^^^^^^^^^^^^^^^^^^^^^^^^^^^^^^^^^^^^^^^^^^^^^^^^^^^^^^^^^
  File "C:\Users\Acer\OneDrive\Documents\Рабочий стол\Программирование GitHub\my_git\productivity\venv\Lib\site-packages\aiogram\dispatcher\router.py", line 163, in propagate_event
    return await observer.wrap_outer_middleware(_wrapped, event=event, data=kwargs)
           ^^^^^^^^^^^^^^^^^^^^^^^^^^^^^^^^^^^^^^^^^^^^^^^^^^^^^^^^^^^^^^^^^^^^^^^^
  File "C:\Users\Acer\OneDrive\Documents\Рабочий стол\Программирование GitHub\my_git\productivity\venv\Lib\site-packages\aiogram\dispatcher\router.py", line 155, in _wrapped
    return await self._propagate_event(
           ^^^^^^^^^^^^^^^^^^^^^^^^^^^^
  File "C:\Users\Acer\OneDrive\Documents\Рабочий стол\Программирование GitHub\my_git\productivity\venv\Lib\site-packages\aiogram\dispatcher\router.py", line 183, in _propagate_event
    response = await observer.trigger(event, **kwargs)
               ^^^^^^^^^^^^^^^^^^^^^^^^^^^^^^^^^^^^^^^
  File "C:\Users\Acer\OneDrive\Documents\Рабочий стол\Программирование GitHub\my_git\productivity\venv\Lib\site-packages\aiogram\dispatcher\event\telegram.py", line 126, in trigger
    return await wrapped_inner(event, kwargs)
           ^^^^^^^^^^^^^^^^^^^^^^^^^^^^^^^^^^
  File "C:\Users\Acer\OneDrive\Documents\Рабочий стол\Программирование GitHub\my_git\productivity\venv\Lib\site-packages\aiogram\dispatcher\event\handler.py", line 71, in call
    return await wrapped()
           ^^^^^^^^^^^^^^^
  File "C:\Users\Acer\OneDrive\Documents\Рабочий стол\Программирование GitHub\my_git\productivity\app\bot\handlers\start.py", line 13, in process_command_start
    f"с таких источников как {SOURCE[0]}, {SOURCE[1]} и {SOURCE[2]}\n"
                              ~~~~~~^^^
KeyError: 0
INFO:aiogram.event:Update id=937203012 is not handled. Duration 546 ms by bot id=8675249748
ERROR:aiogram.event:Cause exception while process update id=937203012 by bot id=8675249748
TypeError: can only join an iterable
Traceback (most recent call last):
  File "C:\Users\Acer\OneDrive\Documents\Рабочий стол\Программирование GitHub\my_git\productivity\venv\Lib\site-packages\aiogram\dispatcher\dispatcher.py", line 320, in _process_update
    response = await self.feed_update(bot, update, **kwargs)
               ^^^^^^^^^^^^^^^^^^^^^^^^^^^^^^^^^^^^^^^^^^^^^
  File "C:\Users\Acer\OneDrive\Documents\Рабочий стол\Программирование GitHub\my_git\productivity\venv\Lib\site-packages\aiogram\dispatcher\dispatcher.py", line 164, in feed_update
    response = await self.update.wrap_outer_middleware(
               ^^^^^^^^^^^^^^^^^^^^^^^^^^^^^^^^^^^^^^^^
  File "C:\Users\Acer\OneDrive\Documents\Рабочий стол\Программирование GitHub\my_git\productivity\venv\Lib\site-packages\aiogram\dispatcher\middlewares\error.py", line 27, in __call__
    return await handler(event, data)
           ^^^^^^^^^^^^^^^^^^^^^^^^^^
  File "C:\Users\Acer\OneDrive\Documents\Рабочий стол\Программирование GitHub\my_git\productivity\venv\Lib\site-packages\aiogram\dispatcher\middlewares\user_context.py", line 58, in __call__
    return await handler(event, data)
           ^^^^^^^^^^^^^^^^^^^^^^^^^^
  File "C:\Users\Acer\AppData\Local\Programs\Python\Python311\Lib\contextlib.py", line 222, in __aexit__
    await self.gen.athrow(typ, value, traceback)
  File "C:\Users\Acer\OneDrive\Documents\Рабочий стол\Программирование GitHub\my_git\productivity\venv\Lib\site-packages\aiogram\fsm\storage\memory.py", line 77, in lock
    yield
  File "C:\Users\Acer\OneDrive\Documents\Рабочий стол\Программирование GitHub\my_git\productivity\venv\Lib\site-packages\aiogram\fsm\middleware.py", line 43, in __call__
    return await handler(event, data)
           ^^^^^^^^^^^^^^^^^^^^^^^^^^
  File "C:\Users\Acer\OneDrive\Documents\Рабочий стол\Программирование GitHub\my_git\productivity\venv\Lib\site-packages\aiogram\dispatcher\event\telegram.py", line 126, in trigger
    return await wrapped_inner(event, kwargs)
           ^^^^^^^^^^^^^^^^^^^^^^^^^^^^^^^^^^
  File "C:\Users\Acer\OneDrive\Documents\Рабочий стол\Программирование GitHub\my_git\productivity\venv\Lib\site-packages\aiogram\dispatcher\event\handler.py", line 71, in call
    return await wrapped()
           ^^^^^^^^^^^^^^^
  File "C:\Users\Acer\OneDrive\Documents\Рабочий стол\Программирование GitHub\my_git\productivity\venv\Lib\site-packages\aiogram\dispatcher\dispatcher.py", line 283, in _listen_update
    return await self.propagate_event(update_type=update_type, event=event, **kwargs)
           ^^^^^^^^^^^^^^^^^^^^^^^^^^^^^^^^^^^^^^^^^^^^^^^^^^^^^^^^^^^^^^^^^^^^^^^^^^
  File "C:\Users\Acer\OneDrive\Documents\Рабочий стол\Программирование GitHub\my_git\productivity\venv\Lib\site-packages\aiogram\dispatcher\router.py", line 163, in propagate_event
    return await observer.wrap_outer_middleware(_wrapped, event=event, data=kwargs)
           ^^^^^^^^^^^^^^^^^^^^^^^^^^^^^^^^^^^^^^^^^^^^^^^^^^^^^^^^^^^^^^^^^^^^^^^^
  File "C:\Users\Acer\OneDrive\Documents\Рабочий стол\Программирование GitHub\my_git\productivity\venv\Lib\site-packages\aiogram\dispatcher\router.py", line 155, in _wrapped
    return await self._propagate_event(
           ^^^^^^^^^^^^^^^^^^^^^^^^^^^^
  File "C:\Users\Acer\OneDrive\Documents\Рабочий стол\Программирование GitHub\my_git\productivity\venv\Lib\site-packages\aiogram\dispatcher\router.py", line 191, in _propagate_event
    response = await router.propagate_event(update_type=update_type, event=event, **kwargs)
               ^^^^^^^^^^^^^^^^^^^^^^^^^^^^^^^^^^^^^^^^^^^^^^^^^^^^^^^^^^^^^^^^^^^^^^^^^^^^
  File "C:\Users\Acer\OneDrive\Documents\Рабочий стол\Программирование GitHub\my_git\productivity\venv\Lib\site-packages\aiogram\dispatcher\router.py", line 163, in propagate_event
    return await observer.wrap_outer_middleware(_wrapped, event=event, data=kwargs)
           ^^^^^^^^^^^^^^^^^^^^^^^^^^^^^^^^^^^^^^^^^^^^^^^^^^^^^^^^^^^^^^^^^^^^^^^^
  File "C:\Users\Acer\OneDrive\Documents\Рабочий стол\Программирование GitHub\my_git\productivity\venv\Lib\site-packages\aiogram\dispatcher\router.py", line 155, in _wrapped
    return await self._propagate_event(
           ^^^^^^^^^^^^^^^^^^^^^^^^^^^^
  File "C:\Users\Acer\OneDrive\Documents\Рабочий стол\Программирование GitHub\my_git\productivity\venv\Lib\site-packages\aiogram\dispatcher\router.py", line 183, in _propagate_event
    response = await observer.trigger(event, **kwargs)
               ^^^^^^^^^^^^^^^^^^^^^^^^^^^^^^^^^^^^^^^
  File "C:\Users\Acer\OneDrive\Documents\Рабочий стол\Программирование GitHub\my_git\productivity\venv\Lib\site-packages\aiogram\dispatcher\event\telegram.py", line 126, in trigger
    return await wrapped_inner(event, kwargs)
           ^^^^^^^^^^^^^^^^^^^^^^^^^^^^^^^^^^
  File "C:\Users\Acer\OneDrive\Documents\Рабочий стол\Программирование GitHub\my_git\productivity\venv\Lib\site-packages\aiogram\dispatcher\event\handler.py", line 71, in call
    return await wrapped()
           ^^^^^^^^^^^^^^^
  File "C:\Users\Acer\OneDrive\Documents\Рабочий стол\Программирование GitHub\my_git\productivity\app\bot\handlers\subs.py", line 19, in process_command_subs
    sources = ", ".join(sub_source)
              ^^^^^^^^^^^^^^^^^^^^^
TypeError: can only join an iterable
INFO:aiogram.event:Update id=937203013 is not handled. Duration 0 ms by bot id=8675249748
ERROR:aiogram.event:Cause exception while process update id=937203013 by bot id=8675249748
KeyError: 0
Traceback (most recent call last):
  File "C:\Users\Acer\OneDrive\Documents\Рабочий стол\Программирование GitHub\my_git\productivity\venv\Lib\site-packages\aiogram\dispatcher\dispatcher.py", line 320, in _process_update
    response = await self.feed_update(bot, update, **kwargs)
               ^^^^^^^^^^^^^^^^^^^^^^^^^^^^^^^^^^^^^^^^^^^^^
  File "C:\Users\Acer\OneDrive\Documents\Рабочий стол\Программирование GitHub\my_git\productivity\venv\Lib\site-packages\aiogram\dispatcher\dispatcher.py", line 164, in feed_update
    response = await self.update.wrap_outer_middleware(
               ^^^^^^^^^^^^^^^^^^^^^^^^^^^^^^^^^^^^^^^^
  File "C:\Users\Acer\OneDrive\Documents\Рабочий стол\Программирование GitHub\my_git\productivity\venv\Lib\site-packages\aiogram\dispatcher\middlewares\error.py", line 27, in __call__
    return await handler(event, data)
           ^^^^^^^^^^^^^^^^^^^^^^^^^^
  File "C:\Users\Acer\OneDrive\Documents\Рабочий стол\Программирование GitHub\my_git\productivity\venv\Lib\site-packages\aiogram\dispatcher\middlewares\user_context.py", line 58, in __call__
    return await handler(event, data)
           ^^^^^^^^^^^^^^^^^^^^^^^^^^
  File "C:\Users\Acer\AppData\Local\Programs\Python\Python311\Lib\contextlib.py", line 222, in __aexit__
    await self.gen.athrow(typ, value, traceback)
  File "C:\Users\Acer\OneDrive\Documents\Рабочий стол\Программирование GitHub\my_git\productivity\venv\Lib\site-packages\aiogram\fsm\storage\memory.py", line 77, in lock
    yield
  File "C:\Users\Acer\OneDrive\Documents\Рабочий стол\Программирование GitHub\my_git\productivity\venv\Lib\site-packages\aiogram\fsm\middleware.py", line 43, in __call__
    return await handler(event, data)
           ^^^^^^^^^^^^^^^^^^^^^^^^^^
  File "C:\Users\Acer\OneDrive\Documents\Рабочий стол\Программирование GitHub\my_git\productivity\venv\Lib\site-packages\aiogram\dispatcher\event\telegram.py", line 126, in trigger
    return await wrapped_inner(event, kwargs)
           ^^^^^^^^^^^^^^^^^^^^^^^^^^^^^^^^^^
  File "C:\Users\Acer\OneDrive\Documents\Рабочий стол\Программирование GitHub\my_git\productivity\venv\Lib\site-packages\aiogram\dispatcher\event\handler.py", line 71, in call
    return await wrapped()
           ^^^^^^^^^^^^^^^
  File "C:\Users\Acer\OneDrive\Documents\Рабочий стол\Программирование GitHub\my_git\productivity\venv\Lib\site-packages\aiogram\dispatcher\dispatcher.py", line 283, in _listen_update
    return await self.propagate_event(update_type=update_type, event=event, **kwargs)
           ^^^^^^^^^^^^^^^^^^^^^^^^^^^^^^^^^^^^^^^^^^^^^^^^^^^^^^^^^^^^^^^^^^^^^^^^^^
  File "C:\Users\Acer\OneDrive\Documents\Рабочий стол\Программирование GitHub\my_git\productivity\venv\Lib\site-packages\aiogram\dispatcher\router.py", line 163, in propagate_event
    return await observer.wrap_outer_middleware(_wrapped, event=event, data=kwargs)
           ^^^^^^^^^^^^^^^^^^^^^^^^^^^^^^^^^^^^^^^^^^^^^^^^^^^^^^^^^^^^^^^^^^^^^^^^
  File "C:\Users\Acer\OneDrive\Documents\Рабочий стол\Программирование GitHub\my_git\productivity\venv\Lib\site-packages\aiogram\dispatcher\router.py", line 155, in _wrapped
    return await self._propagate_event(
           ^^^^^^^^^^^^^^^^^^^^^^^^^^^^
  File "C:\Users\Acer\OneDrive\Documents\Рабочий стол\Программирование GitHub\my_git\productivity\venv\Lib\site-packages\aiogram\dispatcher\router.py", line 191, in _propagate_event
    response = await router.propagate_event(update_type=update_type, event=event, **kwargs)
               ^^^^^^^^^^^^^^^^^^^^^^^^^^^^^^^^^^^^^^^^^^^^^^^^^^^^^^^^^^^^^^^^^^^^^^^^^^^^
  File "C:\Users\Acer\OneDrive\Documents\Рабочий стол\Программирование GitHub\my_git\productivity\venv\Lib\site-packages\aiogram\dispatcher\router.py", line 163, in propagate_event
    return await observer.wrap_outer_middleware(_wrapped, event=event, data=kwargs)
           ^^^^^^^^^^^^^^^^^^^^^^^^^^^^^^^^^^^^^^^^^^^^^^^^^^^^^^^^^^^^^^^^^^^^^^^^
  File "C:\Users\Acer\OneDrive\Documents\Рабочий стол\Программирование GitHub\my_git\productivity\venv\Lib\site-packages\aiogram\dispatcher\router.py", line 155, in _wrapped
    return await self._propagate_event(
           ^^^^^^^^^^^^^^^^^^^^^^^^^^^^
  File "C:\Users\Acer\OneDrive\Documents\Рабочий стол\Программирование GitHub\my_git\productivity\venv\Lib\site-packages\aiogram\dispatcher\router.py", line 183, in _propagate_event
    response = await observer.trigger(event, **kwargs)
               ^^^^^^^^^^^^^^^^^^^^^^^^^^^^^^^^^^^^^^^
  File "C:\Users\Acer\OneDrive\Documents\Рабочий стол\Программирование GitHub\my_git\productivity\venv\Lib\site-packages\aiogram\dispatcher\event\telegram.py", line 126, in trigger
    return await wrapped_inner(event, kwargs)
           ^^^^^^^^^^^^^^^^^^^^^^^^^^^^^^^^^^
  File "C:\Users\Acer\OneDrive\Documents\Рабочий стол\Программирование GitHub\my_git\productivity\venv\Lib\site-packages\aiogram\dispatcher\event\handler.py", line 71, in call
    return await wrapped()
           ^^^^^^^^^^^^^^^
  File "C:\Users\Acer\OneDrive\Documents\Рабочий стол\Программирование GitHub\my_git\productivity\app\bot\handlers\start.py", line 13, in process_command_start
    f"с таких источников как {SOURCE[0]}, {SOURCE[1]} и {SOURCE[2]}\n"
                              ~~~~~~^^^
KeyError: 0
INFO:aiogram.dispatcher:Polling stopped
ERROR:aiogram.dispatcher:Failed to fetch updates - TelegramNetworkError: HTTP Client says - ServerDisconnectedError: Server disconnected
WARNING:aiogram.dispatcher:Sleep for 1.000000 seconds and try again... (tryings = 0, bot id = 8675249748)
INFO:aiogram.dispatcher:Polling stopped for bot @the_worldnews_bot id=8675249748 - 'NewsBot'
INFO:aiogram.dispatcher:Start polling
INFO:app.database.config_db:Начало парсинга: vtomske
INFO:app.database.config_db:Начало парсинга: kommersant и 
INFO:app.database.config_db:Начало парсинга: euronews
INFO:httpx:HTTP Request: GET https://www.euronews.com/just-in "HTTP/1.1 200 OK"
INFO:httpx:HTTP Request: GET https://www.kommersant.ru/lenta/news?from=lenta_news "HTTP/1.1 200 OK"
INFO:app.database.config_db:Конец парсинга: kommersant
INFO:httpx:HTTP Request: GET https://vtomske.ru/tag/tomsk "HTTP/1.1 200 OK"
ERROR:app.database.config_db:Ошибка при парсинге: NewsRepo.exists_news_in_database() missing 1 required positional argument: 'news_info'
Traceback (most recent call last):
  File "C:\Users\Acer\OneDrive\Documents\Рабочий стол\Программирование GitHub\my_git\productivity\app\script.py", line 26, in check_vtomske
    await news_repo.exists_news_in_database()
          ^^^^^^^^^^^^^^^^^^^^^^^^^^^^^^^^^^^
TypeError: NewsRepo.exists_news_in_database() missing 1 required positional argument: 'news_info'
INFO:aiogram.dispatcher:Run polling for bot @the_worldnews_bot id=8675249748 - 'NewsBot'
INFO:app.database.config_db:Конец парсинга: euronews
INFO:aiogram.event:Update id=937203014 is handled. Duration 530 ms by bot id=8675249748
ERROR:app.database.config_db:Unique error: (sqlalchemy.dialects.postgresql.asyncpg.IntegrityError) <class 'asyncpg.exceptions.UniqueViolationError'>: повторяющееся значение ключа нарушает ограничение уникальности "news_url_key"
DETAIL:  Ключ "(url)=(https://www.kommersant.ru/doc/8604880)" уже существует.
[SQL: INSERT INTO news (topic, title, url, source, created_at) VALUES ($1::VARCHAR, $2::VARCHAR, $3::VARCHAR, $4::VARCHAR, $5::TIMESTAMP WITHOUT TIME ZONE) RETURNING news.id]
[parameters: ('Мир', 'Цены на нефть выросли на 7% после новости о закрытии Ормузского пролива', 'https://www.kommersant.ru/doc/8604880', 'kommersant', datetime.datetime(2026, 4, 20, 3, 19))]
(Background on this error at: https://sqlalche.me/e/20/gkpj)
INFO:aiogram.event:Update id=937203015 is handled. Duration 641 ms by bot id=8675249748
INFO:app.database.config_db:Начало парсинга: kommersant и 
INFO:httpx:HTTP Request: GET https://www.kommersant.ru/lenta/news?from=lenta_news "HTTP/1.1 200 OK"
INFO:app.database.config_db:Конец парсинга: kommersant
INFO:app.database.config_db:Начало парсинга: euronews
INFO:httpx:HTTP Request: GET https://www.euronews.com/just-in "HTTP/1.1 200 OK"
INFO:app.database.config_db:Конец парсинга: euronews
INFO:app.database.config_db:Начало парсинга: kommersant и 
INFO:httpx:HTTP Request: GET https://www.kommersant.ru/lenta/news?from=lenta_news "HTTP/1.1 200 OK"
INFO:app.database.config_db:Конец парсинга: kommersant
INFO:app.database.config_db:Начало парсинга: euronews
INFO:httpx:HTTP Request: GET https://www.euronews.com/just-in "HTTP/1.1 200 OK"
INFO:app.database.config_db:Конец парсинга: euronews
INFO:app.database.config_db:Начало парсинга: kommersant и 
INFO:httpx:HTTP Request: GET https://www.kommersant.ru/lenta/news?from=lenta_news "HTTP/1.1 200 OK"
INFO:app.database.config_db:Конец парсинга: kommersant
ERROR:aiogram.dispatcher:Failed to fetch updates - TelegramNetworkError: HTTP Client says - ServerDisconnectedError: Server disconnected
WARNING:aiogram.dispatcher:Sleep for 1.000000 seconds and try again... (tryings = 0, bot id = 8675249748)
ERROR:aiogram.dispatcher:Failed to fetch updates - TelegramNetworkError: HTTP Client says - ClientConnectorError: Cannot connect to host api.telegram.org:443 ssl:default [None]
WARNING:aiogram.dispatcher:Sleep for 1.277686 seconds and try again... (tryings = 1, bot id = 8675249748)
ERROR:aiogram.dispatcher:Failed to fetch updates - TelegramNetworkError: HTTP Client says - ClientConnectorError: Cannot connect to host api.telegram.org:443 ssl:default [None]
WARNING:aiogram.dispatcher:Sleep for 1.761093 seconds and try again... (tryings = 2, bot id = 8675249748)
ERROR:aiogram.dispatcher:Failed to fetch updates - TelegramNetworkError: HTTP Client says - ClientConnectorError: Cannot connect to host api.telegram.org:443 ssl:default [None]
WARNING:aiogram.dispatcher:Sleep for 2.199800 seconds and try again... (tryings = 3, bot id = 8675249748)
INFO:app.database.config_db:Начало парсинга: euronews
ERROR:aiogram.dispatcher:Failed to fetch updates - TelegramNetworkError: HTTP Client says - ClientConnectorError: Cannot connect to host api.telegram.org:443 ssl:default [None]
WARNING:aiogram.dispatcher:Sleep for 2.866618 seconds and try again... (tryings = 4, bot id = 8675249748)
ERROR:app.database.config_db:Ошибка при парсинге: 
Traceback (most recent call last):
  File "C:\Users\Acer\OneDrive\Documents\Рабочий стол\Программирование GitHub\my_git\productivity\venv\Lib\site-packages\httpx\_transports\default.py", line 101, in map_httpcore_exceptions
    yield
  File "C:\Users\Acer\OneDrive\Documents\Рабочий стол\Программирование GitHub\my_git\productivity\venv\Lib\site-packages\httpx\_transports\default.py", line 394, in handle_async_request
    resp = await self._pool.handle_async_request(req)
           ^^^^^^^^^^^^^^^^^^^^^^^^^^^^^^^^^^^^^^^^^^
  File "C:\Users\Acer\OneDrive\Documents\Рабочий стол\Программирование GitHub\my_git\productivity\venv\Lib\site-packages\httpcore\_async\connection_pool.py", line 256, in handle_async_request
    raise exc from None
  File "C:\Users\Acer\OneDrive\Documents\Рабочий стол\Программирование GitHub\my_git\productivity\venv\Lib\site-packages\httpcore\_async\connection_pool.py", line 236, in handle_async_request
    response = await connection.handle_async_request(
               ^^^^^^^^^^^^^^^^^^^^^^^^^^^^^^^^^^^^^^
  File "C:\Users\Acer\OneDrive\Documents\Рабочий стол\Программирование GitHub\my_git\productivity\venv\Lib\site-packages\httpcore\_async\http_proxy.py", line 316, in handle_async_request
    stream = await stream.start_tls(**kwargs)
             ^^^^^^^^^^^^^^^^^^^^^^^^^^^^^^^^
  File "C:\Users\Acer\OneDrive\Documents\Рабочий стол\Программирование GitHub\my_git\productivity\venv\Lib\site-packages\httpcore\_async\http11.py", line 376, in start_tls
    return await self._stream.start_tls(ssl_context, server_hostname, timeout)
           ^^^^^^^^^^^^^^^^^^^^^^^^^^^^^^^^^^^^^^^^^^^^^^^^^^^^^^^^^^^^^^^^^^^
  File "C:\Users\Acer\OneDrive\Documents\Рабочий стол\Программирование GitHub\my_git\productivity\venv\Lib\site-packages\httpcore\_backends\anyio.py", line 67, in start_tls
    with map_exceptions(exc_map):
  File "C:\Users\Acer\AppData\Local\Programs\Python\Python311\Lib\contextlib.py", line 155, in __exit__
    self.gen.throw(typ, value, traceback)
  File "C:\Users\Acer\OneDrive\Documents\Рабочий стол\Программирование GitHub\my_git\productivity\venv\Lib\site-packages\httpcore\_exceptions.py", line 14, in map_exceptions
    raise to_exc(exc) from exc
httpcore.ConnectError

The above exception was the direct cause of the following exception:

Traceback (most recent call last):
  File "C:\Users\Acer\OneDrive\Documents\Рабочий стол\Программирование GitHub\my_git\productivity\app\script.py", line 53, in check_euronews
    euronews = await euro_news.parsing_euronews()
               ^^^^^^^^^^^^^^^^^^^^^^^^^^^^^^^^^^
  File "C:\Users\Acer\OneDrive\Documents\Рабочий стол\Программирование GitHub\my_git\productivity\app\news\euronews.py", line 26, in parsing_euronews
    response = await client.get(url)
               ^^^^^^^^^^^^^^^^^^^^^
  File "C:\Users\Acer\OneDrive\Documents\Рабочий стол\Программирование GitHub\my_git\productivity\venv\Lib\site-packages\httpx\_client.py", line 1768, in get
    return await self.request(
           ^^^^^^^^^^^^^^^^^^^
  File "C:\Users\Acer\OneDrive\Documents\Рабочий стол\Программирование GitHub\my_git\productivity\venv\Lib\site-packages\httpx\_client.py", line 1540, in request
    return await self.send(request, auth=auth, follow_redirects=follow_redirects)
           ^^^^^^^^^^^^^^^^^^^^^^^^^^^^^^^^^^^^^^^^^^^^^^^^^^^^^^^^^^^^^^^^^^^^^^
  File "C:\Users\Acer\OneDrive\Documents\Рабочий стол\Программирование GitHub\my_git\productivity\venv\Lib\site-packages\httpx\_client.py", line 1629, in send
    response = await self._send_handling_auth(
               ^^^^^^^^^^^^^^^^^^^^^^^^^^^^^^^
  File "C:\Users\Acer\OneDrive\Documents\Рабочий стол\Программирование GitHub\my_git\productivity\venv\Lib\site-packages\httpx\_client.py", line 1657, in _send_handling_auth
    response = await self._send_handling_redirects(
               ^^^^^^^^^^^^^^^^^^^^^^^^^^^^^^^^^^^^
  File "C:\Users\Acer\OneDrive\Documents\Рабочий стол\Программирование GitHub\my_git\productivity\venv\Lib\site-packages\httpx\_client.py", line 1694, in _send_handling_redirects
    response = await self._send_single_request(request)
               ^^^^^^^^^^^^^^^^^^^^^^^^^^^^^^^^^^^^^^^^
  File "C:\Users\Acer\OneDrive\Documents\Рабочий стол\Программирование GitHub\my_git\productivity\venv\Lib\site-packages\httpx\_client.py", line 1730, in _send_single_request
    response = await transport.handle_async_request(request)
               ^^^^^^^^^^^^^^^^^^^^^^^^^^^^^^^^^^^^^^^^^^^^^
  File "C:\Users\Acer\OneDrive\Documents\Рабочий стол\Программирование GitHub\my_git\productivity\venv\Lib\site-packages\httpx\_transports\default.py", line 393, in handle_async_request
    with map_httpcore_exceptions():
  File "C:\Users\Acer\AppData\Local\Programs\Python\Python311\Lib\contextlib.py", line 155, in __exit__
    self.gen.throw(typ, value, traceback)
  File "C:\Users\Acer\OneDrive\Documents\Рабочий стол\Программирование GitHub\my_git\productivity\venv\Lib\site-packages\httpx\_transports\default.py", line 118, in map_httpcore_exceptions
    raise mapped_exc(message) from exc
httpx.ConnectError
ERROR:aiogram.dispatcher:Failed to fetch updates - TelegramNetworkError: HTTP Client says - ClientConnectorError: Cannot connect to host api.telegram.org:443 ssl:default [None]
WARNING:aiogram.dispatcher:Sleep for 3.656372 seconds and try again... (tryings = 5, bot id = 8675249748)
ERROR:aiogram.dispatcher:Failed to fetch updates - TelegramNetworkError: HTTP Client says - ClientConnectorError: Cannot connect to host api.telegram.org:443 ssl:default [None]
WARNING:aiogram.dispatcher:Sleep for 4.812293 seconds and try again... (tryings = 6, bot id = 8675249748)
ERROR:aiogram.dispatcher:Failed to fetch updates - TelegramNetworkError: HTTP Client says - ClientConnectorError: Cannot connect to host api.telegram.org:443 ssl:default [None]
WARNING:aiogram.dispatcher:Sleep for 5.058253 seconds and try again... (tryings = 7, bot id = 8675249748)
ERROR:aiogram.dispatcher:Failed to fetch updates - TelegramNetworkError: HTTP Client says - ClientConnectorError: Cannot connect to host api.telegram.org:443 ssl:default [None]
WARNING:aiogram.dispatcher:Sleep for 4.895204 seconds and try again... (tryings = 8, bot id = 8675249748)
ERROR:aiogram.dispatcher:Failed to fetch updates - TelegramNetworkError: HTTP Client says - ClientConnectorError: Cannot connect to host api.telegram.org:443 ssl:default [None]
WARNING:aiogram.dispatcher:Sleep for 4.990711 seconds and try again... (tryings = 9, bot id = 8675249748)
ERROR:aiogram.dispatcher:Failed to fetch updates - TelegramNetworkError: HTTP Client says - ClientConnectorError: Cannot connect to host api.telegram.org:443 ssl:default [None]
WARNING:aiogram.dispatcher:Sleep for 4.977338 seconds and try again... (tryings = 10, bot id = 8675249748)
ERROR:aiogram.dispatcher:Failed to fetch updates - TelegramNetworkError: HTTP Client says - ClientConnectorError: Cannot connect to host api.telegram.org:443 ssl:default [None]
WARNING:aiogram.dispatcher:Sleep for 5.078587 seconds and try again... (tryings = 11, bot id = 8675249748)
ERROR:aiogram.dispatcher:Failed to fetch updates - TelegramNetworkError: HTTP Client says - ClientConnectorError: Cannot connect to host api.telegram.org:443 ssl:default [None]
WARNING:aiogram.dispatcher:Sleep for 5.144720 seconds and try again... (tryings = 12, bot id = 8675249748)
ERROR:aiogram.dispatcher:Failed to fetch updates - TelegramNetworkError: HTTP Client says - ClientConnectorError: Cannot connect to host api.telegram.org:443 ssl:default [None]
WARNING:aiogram.dispatcher:Sleep for 5.163605 seconds and try again... (tryings = 13, bot id = 8675249748)
ERROR:aiogram.dispatcher:Failed to fetch updates - TelegramNetworkError: HTTP Client says - ClientConnectorError: Cannot connect to host api.telegram.org:443 ssl:default [None]
WARNING:aiogram.dispatcher:Sleep for 4.970988 seconds and try again... (tryings = 14, bot id = 8675249748)
ERROR:aiogram.dispatcher:Failed to fetch updates - TelegramNetworkError: HTTP Client says - ClientConnectorError: Cannot connect to host api.telegram.org:443 ssl:default [None]
WARNING:aiogram.dispatcher:Sleep for 5.028152 seconds and try again... (tryings = 15, bot id = 8675249748)
ERROR:aiogram.dispatcher:Failed to fetch updates - TelegramNetworkError: HTTP Client says - ClientConnectorError: Cannot connect to host api.telegram.org:443 ssl:default [None]
WARNING:aiogram.dispatcher:Sleep for 5.040181 seconds and try again... (tryings = 16, bot id = 8675249748)
ERROR:aiogram.dispatcher:Failed to fetch updates - TelegramNetworkError: HTTP Client says - ClientConnectorError: Cannot connect to host api.telegram.org:443 ssl:default [None]
WARNING:aiogram.dispatcher:Sleep for 5.045604 seconds and try again... (tryings = 17, bot id = 8675249748)
ERROR:aiogram.dispatcher:Failed to fetch updates - TelegramNetworkError: HTTP Client says - ClientConnectorError: Cannot connect to host api.telegram.org:443 ssl:default [None]
WARNING:aiogram.dispatcher:Sleep for 5.015292 seconds and try again... (tryings = 18, bot id = 8675249748)
ERROR:aiogram.dispatcher:Failed to fetch updates - TelegramNetworkError: HTTP Client says - ClientConnectorError: Cannot connect to host api.telegram.org:443 ssl:default [None]
WARNING:aiogram.dispatcher:Sleep for 4.968203 seconds and try again... (tryings = 19, bot id = 8675249748)
ERROR:aiogram.dispatcher:Failed to fetch updates - TelegramNetworkError: HTTP Client says - ClientConnectorError: Cannot connect to host api.telegram.org:443 ssl:default [None]
WARNING:aiogram.dispatcher:Sleep for 5.071306 seconds and try again... (tryings = 20, bot id = 8675249748)
ERROR:aiogram.dispatcher:Failed to fetch updates - TelegramNetworkError: HTTP Client says - ClientConnectorError: Cannot connect to host api.telegram.org:443 ssl:default [None]
WARNING:aiogram.dispatcher:Sleep for 4.994342 seconds and try again... (tryings = 21, bot id = 8675249748)
ERROR:aiogram.dispatcher:Failed to fetch updates - TelegramNetworkError: HTTP Client says - ClientConnectorError: Cannot connect to host api.telegram.org:443 ssl:default [Превышен таймаут семафора]
WARNING:aiogram.dispatcher:Sleep for 4.997146 seconds and try again... (tryings = 22, bot id = 8675249748)
ERROR:aiogram.dispatcher:Failed to fetch updates - TelegramNetworkError: HTTP Client says - ClientConnectorError: Cannot connect to host api.telegram.org:443 ssl:default [None]
WARNING:aiogram.dispatcher:Sleep for 5.046632 seconds and try again... (tryings = 23, bot id = 8675249748)
ERROR:aiogram.dispatcher:Failed to fetch updates - TelegramNetworkError: HTTP Client says - ClientConnectorError: Cannot connect to host api.telegram.org:443 ssl:default [None]
WARNING:aiogram.dispatcher:Sleep for 5.050286 seconds and try again... (tryings = 24, bot id = 8675249748)
ERROR:aiogram.dispatcher:Failed to fetch updates - TelegramNetworkError: HTTP Client says - ClientConnectorError: Cannot connect to host api.telegram.org:443 ssl:default [None]
WARNING:aiogram.dispatcher:Sleep for 4.971115 seconds and try again... (tryings = 25, bot id = 8675249748)
ERROR:aiogram.dispatcher:Failed to fetch updates - TelegramNetworkError: HTTP Client says - ClientConnectorError: Cannot connect to host api.telegram.org:443 ssl:default [None]
WARNING:aiogram.dispatcher:Sleep for 4.994305 seconds and try again... (tryings = 26, bot id = 8675249748)
ERROR:aiogram.dispatcher:Failed to fetch updates - TelegramNetworkError: HTTP Client says - ClientConnectorError: Cannot connect to host api.telegram.org:443 ssl:default [None]
WARNING:aiogram.dispatcher:Sleep for 5.085507 seconds and try again... (tryings = 27, bot id = 8675249748)
ERROR:aiogram.dispatcher:Failed to fetch updates - TelegramNetworkError: HTTP Client says - ClientConnectorError: Cannot connect to host api.telegram.org:443 ssl:default [None]
WARNING:aiogram.dispatcher:Sleep for 4.897903 seconds and try again... (tryings = 28, bot id = 8675249748)
ERROR:aiogram.dispatcher:Failed to fetch updates - TelegramNetworkError: HTTP Client says - ClientConnectorError: Cannot connect to host api.telegram.org:443 ssl:default [None]
WARNING:aiogram.dispatcher:Sleep for 5.096866 seconds and try again... (tryings = 29, bot id = 8675249748)
ERROR:aiogram.dispatcher:Failed to fetch updates - TelegramNetworkError: HTTP Client says - ClientConnectorError: Cannot connect to host api.telegram.org:443 ssl:default [None]
WARNING:aiogram.dispatcher:Sleep for 4.904446 seconds and try again... (tryings = 30, bot id = 8675249748)
ERROR:aiogram.dispatcher:Failed to fetch updates - TelegramNetworkError: HTTP Client says - ClientConnectorError: Cannot connect to host api.telegram.org:443 ssl:default [None]
WARNING:aiogram.dispatcher:Sleep for 4.984880 seconds and try again... (tryings = 31, bot id = 8675249748)
ERROR:aiogram.dispatcher:Failed to fetch updates - TelegramNetworkError: HTTP Client says - ClientConnectorError: Cannot connect to host api.telegram.org:443 ssl:default [None]
WARNING:aiogram.dispatcher:Sleep for 4.965731 seconds and try again... (tryings = 32, bot id = 8675249748)
ERROR:aiogram.dispatcher:Failed to fetch updates - TelegramNetworkError: HTTP Client says - ClientConnectorError: Cannot connect to host api.telegram.org:443 ssl:default [None]
WARNING:aiogram.dispatcher:Sleep for 5.091067 seconds and try again... (tryings = 33, bot id = 8675249748)
ERROR:aiogram.dispatcher:Failed to fetch updates - TelegramNetworkError: HTTP Client says - ClientConnectorError: Cannot connect to host api.telegram.org:443 ssl:default [None]
WARNING:aiogram.dispatcher:Sleep for 4.985358 seconds and try again... (tryings = 34, bot id = 8675249748)
ERROR:aiogram.dispatcher:Failed to fetch updates - TelegramNetworkError: HTTP Client says - ClientConnectorError: Cannot connect to host api.telegram.org:443 ssl:default [None]
WARNING:aiogram.dispatcher:Sleep for 5.170064 seconds and try again... (tryings = 35, bot id = 8675249748)
ERROR:aiogram.dispatcher:Failed to fetch updates - TelegramNetworkError: HTTP Client says - ClientConnectorError: Cannot connect to host api.telegram.org:443 ssl:default [None]
WARNING:aiogram.dispatcher:Sleep for 4.867139 seconds and try again... (tryings = 36, bot id = 8675249748)
ERROR:aiogram.dispatcher:Failed to fetch updates - TelegramNetworkError: HTTP Client says - ClientConnectorError: Cannot connect to host api.telegram.org:443 ssl:default [None]
WARNING:aiogram.dispatcher:Sleep for 4.977921 seconds and try again... (tryings = 37, bot id = 8675249748)
INFO:app.database.config_db:Начало парсинга: kommersant и 
ERROR:aiogram.dispatcher:Failed to fetch updates - TelegramNetworkError: HTTP Client says - ClientConnectorError: Cannot connect to host api.telegram.org:443 ssl:default [None]
WARNING:aiogram.dispatcher:Sleep for 5.091000 seconds and try again... (tryings = 38, bot id = 8675249748)
ERROR:aiogram.dispatcher:Failed to fetch updates - TelegramNetworkError: HTTP Client says - ClientConnectorError: Cannot connect to host api.telegram.org:443 ssl:default [None]
WARNING:aiogram.dispatcher:Sleep for 4.947766 seconds and try again... (tryings = 39, bot id = 8675249748)
ERROR:aiogram.dispatcher:Failed to fetch updates - TelegramNetworkError: HTTP Client says - ClientConnectorError: Cannot connect to host api.telegram.org:443 ssl:default [None]
WARNING:aiogram.dispatcher:Sleep for 5.188509 seconds and try again... (tryings = 40, bot id = 8675249748)
ERROR:app.database.config_db:Ошибка при парсинге: 
Traceback (most recent call last):
  File "C:\Users\Acer\OneDrive\Documents\Рабочий стол\Программирование GitHub\my_git\productivity\venv\Lib\site-packages\httpx\_transports\default.py", line 101, in map_httpcore_exceptions
    yield
  File "C:\Users\Acer\OneDrive\Documents\Рабочий стол\Программирование GitHub\my_git\productivity\venv\Lib\site-packages\httpx\_transports\default.py", line 394, in handle_async_request
    resp = await self._pool.handle_async_request(req)
           ^^^^^^^^^^^^^^^^^^^^^^^^^^^^^^^^^^^^^^^^^^
  File "C:\Users\Acer\OneDrive\Documents\Рабочий стол\Программирование GitHub\my_git\productivity\venv\Lib\site-packages\httpcore\_async\connection_pool.py", line 256, in handle_async_request
    raise exc from None
  File "C:\Users\Acer\OneDrive\Documents\Рабочий стол\Программирование GitHub\my_git\productivity\venv\Lib\site-packages\httpcore\_async\connection_pool.py", line 236, in handle_async_request
    response = await connection.handle_async_request(
               ^^^^^^^^^^^^^^^^^^^^^^^^^^^^^^^^^^^^^^
  File "C:\Users\Acer\OneDrive\Documents\Рабочий стол\Программирование GitHub\my_git\productivity\venv\Lib\site-packages\httpcore\_async\http_proxy.py", line 316, in handle_async_request
    stream = await stream.start_tls(**kwargs)
             ^^^^^^^^^^^^^^^^^^^^^^^^^^^^^^^^
  File "C:\Users\Acer\OneDrive\Documents\Рабочий стол\Программирование GitHub\my_git\productivity\venv\Lib\site-packages\httpcore\_async\http11.py", line 376, in start_tls
    return await self._stream.start_tls(ssl_context, server_hostname, timeout)
           ^^^^^^^^^^^^^^^^^^^^^^^^^^^^^^^^^^^^^^^^^^^^^^^^^^^^^^^^^^^^^^^^^^^
  File "C:\Users\Acer\OneDrive\Documents\Рабочий стол\Программирование GitHub\my_git\productivity\venv\Lib\site-packages\httpcore\_backends\anyio.py", line 67, in start_tls
    with map_exceptions(exc_map):
  File "C:\Users\Acer\AppData\Local\Programs\Python\Python311\Lib\contextlib.py", line 155, in __exit__
    self.gen.throw(typ, value, traceback)
  File "C:\Users\Acer\OneDrive\Documents\Рабочий стол\Программирование GitHub\my_git\productivity\venv\Lib\site-packages\httpcore\_exceptions.py", line 14, in map_exceptions
    raise to_exc(exc) from exc
httpcore.ConnectTimeout

The above exception was the direct cause of the following exception:

Traceback (most recent call last):
  File "C:\Users\Acer\OneDrive\Documents\Рабочий стол\Программирование GitHub\my_git\productivity\app\script.py", line 38, in check_kommersant
    kommersant_news_info = await kommersant_news.parsing_kommersant()
                           ^^^^^^^^^^^^^^^^^^^^^^^^^^^^^^^^^^^^^^^^^^
  File "C:\Users\Acer\OneDrive\Documents\Рабочий стол\Программирование GitHub\my_git\productivity\app\news\kommersant.py", line 20, in parsing_kommersant
    response = await client.get(url)
               ^^^^^^^^^^^^^^^^^^^^^
  File "C:\Users\Acer\OneDrive\Documents\Рабочий стол\Программирование GitHub\my_git\productivity\venv\Lib\site-packages\httpx\_client.py", line 1768, in get
    return await self.request(
           ^^^^^^^^^^^^^^^^^^^
  File "C:\Users\Acer\OneDrive\Documents\Рабочий стол\Программирование GitHub\my_git\productivity\venv\Lib\site-packages\httpx\_client.py", line 1540, in request
    return await self.send(request, auth=auth, follow_redirects=follow_redirects)
           ^^^^^^^^^^^^^^^^^^^^^^^^^^^^^^^^^^^^^^^^^^^^^^^^^^^^^^^^^^^^^^^^^^^^^^
  File "C:\Users\Acer\OneDrive\Documents\Рабочий стол\Программирование GitHub\my_git\productivity\venv\Lib\site-packages\httpx\_client.py", line 1629, in send
    response = await self._send_handling_auth(
               ^^^^^^^^^^^^^^^^^^^^^^^^^^^^^^^
  File "C:\Users\Acer\OneDrive\Documents\Рабочий стол\Программирование GitHub\my_git\productivity\venv\Lib\site-packages\httpx\_client.py", line 1657, in _send_handling_auth
    response = await self._send_handling_redirects(
               ^^^^^^^^^^^^^^^^^^^^^^^^^^^^^^^^^^^^
  File "C:\Users\Acer\OneDrive\Documents\Рабочий стол\Программирование GitHub\my_git\productivity\venv\Lib\site-packages\httpx\_client.py", line 1694, in _send_handling_redirects
    response = await self._send_single_request(request)
               ^^^^^^^^^^^^^^^^^^^^^^^^^^^^^^^^^^^^^^^^
  File "C:\Users\Acer\OneDrive\Documents\Рабочий стол\Программирование GitHub\my_git\productivity\venv\Lib\site-packages\httpx\_client.py", line 1730, in _send_single_request
    response = await transport.handle_async_request(request)
               ^^^^^^^^^^^^^^^^^^^^^^^^^^^^^^^^^^^^^^^^^^^^^
  File "C:\Users\Acer\OneDrive\Documents\Рабочий стол\Программирование GitHub\my_git\productivity\venv\Lib\site-packages\httpx\_transports\default.py", line 393, in handle_async_request
    with map_httpcore_exceptions():
  File "C:\Users\Acer\AppData\Local\Programs\Python\Python311\Lib\contextlib.py", line 155, in __exit__
    self.gen.throw(typ, value, traceback)
  File "C:\Users\Acer\OneDrive\Documents\Рабочий стол\Программирование GitHub\my_git\productivity\venv\Lib\site-packages\httpx\_transports\default.py", line 118, in map_httpcore_exceptions
    raise mapped_exc(message) from exc
httpx.ConnectTimeout
ERROR:aiogram.dispatcher:Failed to fetch updates - TelegramNetworkError: HTTP Client says - ClientConnectorError: Cannot connect to host api.telegram.org:443 ssl:default [None]
WARNING:aiogram.dispatcher:Sleep for 4.954248 seconds and try again... (tryings = 41, bot id = 8675249748)
ERROR:aiogram.dispatcher:Failed to fetch updates - TelegramNetworkError: HTTP Client says - ClientConnectorError: Cannot connect to host api.telegram.org:443 ssl:default [None]
WARNING:aiogram.dispatcher:Sleep for 5.114332 seconds and try again... (tryings = 42, bot id = 8675249748)
ERROR:aiogram.dispatcher:Failed to fetch updates - TelegramNetworkError: HTTP Client says - ClientConnectorError: Cannot connect to host api.telegram.org:443 ssl:default [None]
WARNING:aiogram.dispatcher:Sleep for 4.963343 seconds and try again... (tryings = 43, bot id = 8675249748)
ERROR:aiogram.dispatcher:Failed to fetch updates - TelegramNetworkError: HTTP Client says - ClientConnectorError: Cannot connect to host api.telegram.org:443 ssl:default [None]
WARNING:aiogram.dispatcher:Sleep for 5.006992 seconds and try again... (tryings = 44, bot id = 8675249748)
INFO:app.database.config_db:Начало парсинга: euronews
ERROR:app.database.config_db:Ошибка при парсинге: 
Traceback (most recent call last):
  File "C:\Users\Acer\OneDrive\Documents\Рабочий стол\Программирование GitHub\my_git\productivity\venv\Lib\site-packages\httpx\_transports\default.py", line 101, in map_httpcore_exceptions
    yield
  File "C:\Users\Acer\OneDrive\Documents\Рабочий стол\Программирование GitHub\my_git\productivity\venv\Lib\site-packages\httpx\_transports\default.py", line 394, in handle_async_request
    resp = await self._pool.handle_async_request(req)
           ^^^^^^^^^^^^^^^^^^^^^^^^^^^^^^^^^^^^^^^^^^
  File "C:\Users\Acer\OneDrive\Documents\Рабочий стол\Программирование GitHub\my_git\productivity\venv\Lib\site-packages\httpcore\_async\connection_pool.py", line 256, in handle_async_request
    raise exc from None
  File "C:\Users\Acer\OneDrive\Documents\Рабочий стол\Программирование GitHub\my_git\productivity\venv\Lib\site-packages\httpcore\_async\connection_pool.py", line 236, in handle_async_request
    response = await connection.handle_async_request(
               ^^^^^^^^^^^^^^^^^^^^^^^^^^^^^^^^^^^^^^
  File "C:\Users\Acer\OneDrive\Documents\Рабочий стол\Программирование GitHub\my_git\productivity\venv\Lib\site-packages\httpcore\_async\http_proxy.py", line 316, in handle_async_request
    stream = await stream.start_tls(**kwargs)
             ^^^^^^^^^^^^^^^^^^^^^^^^^^^^^^^^
  File "C:\Users\Acer\OneDrive\Documents\Рабочий стол\Программирование GitHub\my_git\productivity\venv\Lib\site-packages\httpcore\_async\http11.py", line 376, in start_tls
    return await self._stream.start_tls(ssl_context, server_hostname, timeout)
           ^^^^^^^^^^^^^^^^^^^^^^^^^^^^^^^^^^^^^^^^^^^^^^^^^^^^^^^^^^^^^^^^^^^
  File "C:\Users\Acer\OneDrive\Documents\Рабочий стол\Программирование GitHub\my_git\productivity\venv\Lib\site-packages\httpcore\_backends\anyio.py", line 67, in start_tls
    with map_exceptions(exc_map):
  File "C:\Users\Acer\AppData\Local\Programs\Python\Python311\Lib\contextlib.py", line 155, in __exit__
    self.gen.throw(typ, value, traceback)
  File "C:\Users\Acer\OneDrive\Documents\Рабочий стол\Программирование GitHub\my_git\productivity\venv\Lib\site-packages\httpcore\_exceptions.py", line 14, in map_exceptions
    raise to_exc(exc) from exc
httpcore.ConnectError

The above exception was the direct cause of the following exception:

Traceback (most recent call last):
  File "C:\Users\Acer\OneDrive\Documents\Рабочий стол\Программирование GitHub\my_git\productivity\app\script.py", line 53, in check_euronews
    euronews = await euro_news.parsing_euronews()
               ^^^^^^^^^^^^^^^^^^^^^^^^^^^^^^^^^^
  File "C:\Users\Acer\OneDrive\Documents\Рабочий стол\Программирование GitHub\my_git\productivity\app\news\euronews.py", line 26, in parsing_euronews
    response = await client.get(url)
               ^^^^^^^^^^^^^^^^^^^^^
  File "C:\Users\Acer\OneDrive\Documents\Рабочий стол\Программирование GitHub\my_git\productivity\venv\Lib\site-packages\httpx\_client.py", line 1768, in get
    return await self.request(
           ^^^^^^^^^^^^^^^^^^^
  File "C:\Users\Acer\OneDrive\Documents\Рабочий стол\Программирование GitHub\my_git\productivity\venv\Lib\site-packages\httpx\_client.py", line 1540, in request
    return await self.send(request, auth=auth, follow_redirects=follow_redirects)
           ^^^^^^^^^^^^^^^^^^^^^^^^^^^^^^^^^^^^^^^^^^^^^^^^^^^^^^^^^^^^^^^^^^^^^^
  File "C:\Users\Acer\OneDrive\Documents\Рабочий стол\Программирование GitHub\my_git\productivity\venv\Lib\site-packages\httpx\_client.py", line 1629, in send
    response = await self._send_handling_auth(
               ^^^^^^^^^^^^^^^^^^^^^^^^^^^^^^^
  File "C:\Users\Acer\OneDrive\Documents\Рабочий стол\Программирование GitHub\my_git\productivity\venv\Lib\site-packages\httpx\_client.py", line 1657, in _send_handling_auth
    response = await self._send_handling_redirects(
               ^^^^^^^^^^^^^^^^^^^^^^^^^^^^^^^^^^^^
  File "C:\Users\Acer\OneDrive\Documents\Рабочий стол\Программирование GitHub\my_git\productivity\venv\Lib\site-packages\httpx\_client.py", line 1694, in _send_handling_redirects
    response = await self._send_single_request(request)
               ^^^^^^^^^^^^^^^^^^^^^^^^^^^^^^^^^^^^^^^^
  File "C:\Users\Acer\OneDrive\Documents\Рабочий стол\Программирование GitHub\my_git\productivity\venv\Lib\site-packages\httpx\_client.py", line 1730, in _send_single_request
    response = await transport.handle_async_request(request)
               ^^^^^^^^^^^^^^^^^^^^^^^^^^^^^^^^^^^^^^^^^^^^^
  File "C:\Users\Acer\OneDrive\Documents\Рабочий стол\Программирование GitHub\my_git\productivity\venv\Lib\site-packages\httpx\_transports\default.py", line 393, in handle_async_request
    with map_httpcore_exceptions():
  File "C:\Users\Acer\AppData\Local\Programs\Python\Python311\Lib\contextlib.py", line 155, in __exit__
    self.gen.throw(typ, value, traceback)
  File "C:\Users\Acer\OneDrive\Documents\Рабочий стол\Программирование GitHub\my_git\productivity\venv\Lib\site-packages\httpx\_transports\default.py", line 118, in map_httpcore_exceptions
    raise mapped_exc(message) from exc
httpx.ConnectError
ERROR:aiogram.dispatcher:Failed to fetch updates - TelegramNetworkError: HTTP Client says - ClientConnectorError: Cannot connect to host api.telegram.org:443 ssl:default [None]
WARNING:aiogram.dispatcher:Sleep for 5.111078 seconds and try again... (tryings = 45, bot id = 8675249748)
ERROR:aiogram.dispatcher:Failed to fetch updates - TelegramNetworkError: HTTP Client says - ClientConnectorError: Cannot connect to host api.telegram.org:443 ssl:default [None]
WARNING:aiogram.dispatcher:Sleep for 4.927027 seconds and try again... (tryings = 46, bot id = 8675249748)
ERROR:aiogram.dispatcher:Failed to fetch updates - TelegramNetworkError: HTTP Client says - ClientConnectorError: Cannot connect to host api.telegram.org:443 ssl:default [None]
WARNING:aiogram.dispatcher:Sleep for 4.941764 seconds and try again... (tryings = 47, bot id = 8675249748)
ERROR:aiogram.dispatcher:Failed to fetch updates - TelegramNetworkError: HTTP Client says - ClientConnectorError: Cannot connect to host api.telegram.org:443 ssl:default [None]
WARNING:aiogram.dispatcher:Sleep for 5.067653 seconds and try again... (tryings = 48, bot id = 8675249748)
ERROR:aiogram.dispatcher:Failed to fetch updates - TelegramNetworkError: HTTP Client says - ClientConnectorError: Cannot connect to host api.telegram.org:443 ssl:default [None]
WARNING:aiogram.dispatcher:Sleep for 4.990159 seconds and try again... (tryings = 49, bot id = 8675249748)
ERROR:aiogram.dispatcher:Failed to fetch updates - TelegramNetworkError: HTTP Client says - ClientConnectorError: Cannot connect to host api.telegram.org:443 ssl:default [None]
WARNING:aiogram.dispatcher:Sleep for 5.017947 seconds and try again... (tryings = 50, bot id = 8675249748)
ERROR:aiogram.dispatcher:Failed to fetch updates - TelegramNetworkError: HTTP Client says - ClientConnectorError: Cannot connect to host api.telegram.org:443 ssl:default [None]
WARNING:aiogram.dispatcher:Sleep for 4.897121 seconds and try again... (tryings = 51, bot id = 8675249748)
ERROR:aiogram.dispatcher:Failed to fetch updates - TelegramNetworkError: HTTP Client says - ClientConnectorError: Cannot connect to host api.telegram.org:443 ssl:default [None]
WARNING:aiogram.dispatcher:Sleep for 4.898859 seconds and try again... (tryings = 52, bot id = 8675249748)
ERROR:aiogram.dispatcher:Failed to fetch updates - TelegramNetworkError: HTTP Client says - ClientConnectorError: Cannot connect to host api.telegram.org:443 ssl:default [None]
WARNING:aiogram.dispatcher:Sleep for 4.929654 seconds and try again... (tryings = 53, bot id = 8675249748)
ERROR:aiogram.dispatcher:Failed to fetch updates - TelegramNetworkError: HTTP Client says - ClientConnectorError: Cannot connect to host api.telegram.org:443 ssl:default [None]
WARNING:aiogram.dispatcher:Sleep for 4.985398 seconds and try again... (tryings = 54, bot id = 8675249748)
ERROR:aiogram.dispatcher:Failed to fetch updates - TelegramNetworkError: HTTP Client says - ClientConnectorError: Cannot connect to host api.telegram.org:443 ssl:default [None]
WARNING:aiogram.dispatcher:Sleep for 5.081528 seconds and try again... (tryings = 55, bot id = 8675249748)
ERROR:aiogram.dispatcher:Failed to fetch updates - TelegramNetworkError: HTTP Client says - ClientConnectorError: Cannot connect to host api.telegram.org:443 ssl:default [None]
WARNING:aiogram.dispatcher:Sleep for 5.034893 seconds and try again... (tryings = 56, bot id = 8675249748)
ERROR:aiogram.dispatcher:Failed to fetch updates - TelegramNetworkError: HTTP Client says - ClientConnectorError: Cannot connect to host api.telegram.org:443 ssl:default [None]
WARNING:aiogram.dispatcher:Sleep for 4.937502 seconds and try again... (tryings = 57, bot id = 8675249748)
ERROR:aiogram.dispatcher:Failed to fetch updates - TelegramNetworkError: HTTP Client says - ClientConnectorError: Cannot connect to host api.telegram.org:443 ssl:default [None]
WARNING:aiogram.dispatcher:Sleep for 5.056383 seconds and try again... (tryings = 58, bot id = 8675249748)
ERROR:aiogram.dispatcher:Failed to fetch updates - TelegramNetworkError: HTTP Client says - ClientConnectorError: Cannot connect to host api.telegram.org:443 ssl:default [None]
WARNING:aiogram.dispatcher:Sleep for 4.998150 seconds and try again... (tryings = 59, bot id = 8675249748)
ERROR:aiogram.dispatcher:Failed to fetch updates - TelegramNetworkError: HTTP Client says - ClientConnectorError: Cannot connect to host api.telegram.org:443 ssl:default [None]
WARNING:aiogram.dispatcher:Sleep for 4.953357 seconds and try again... (tryings = 60, bot id = 8675249748)
ERROR:aiogram.dispatcher:Failed to fetch updates - TelegramNetworkError: HTTP Client says - ClientConnectorError: Cannot connect to host api.telegram.org:443 ssl:default [None]
WARNING:aiogram.dispatcher:Sleep for 5.019170 seconds and try again... (tryings = 61, bot id = 8675249748)
ERROR:aiogram.dispatcher:Failed to fetch updates - TelegramNetworkError: HTTP Client says - ClientConnectorError: Cannot connect to host api.telegram.org:443 ssl:default [None]
WARNING:aiogram.dispatcher:Sleep for 5.161970 seconds and try again... (tryings = 62, bot id = 8675249748)
ERROR:aiogram.dispatcher:Failed to fetch updates - TelegramNetworkError: HTTP Client says - ClientConnectorError: Cannot connect to host api.telegram.org:443 ssl:default [None]
WARNING:aiogram.dispatcher:Sleep for 4.884695 seconds and try again... (tryings = 63, bot id = 8675249748)
ERROR:aiogram.dispatcher:Failed to fetch updates - TelegramNetworkError: HTTP Client says - ClientConnectorError: Cannot connect to host api.telegram.org:443 ssl:default [None]
WARNING:aiogram.dispatcher:Sleep for 4.855760 seconds and try again... (tryings = 64, bot id = 8675249748)
ERROR:aiogram.dispatcher:Failed to fetch updates - TelegramNetworkError: HTTP Client says - ClientConnectorError: Cannot connect to host api.telegram.org:443 ssl:default [None]
WARNING:aiogram.dispatcher:Sleep for 4.960693 seconds and try again... (tryings = 65, bot id = 8675249748)
ERROR:aiogram.dispatcher:Failed to fetch updates - TelegramNetworkError: HTTP Client says - ClientConnectorError: Cannot connect to host api.telegram.org:443 ssl:default [None]
WARNING:aiogram.dispatcher:Sleep for 5.204572 seconds and try again... (tryings = 66, bot id = 8675249748)
ERROR:aiogram.dispatcher:Failed to fetch updates - TelegramNetworkError: HTTP Client says - ClientConnectorError: Cannot connect to host api.telegram.org:443 ssl:default [None]
WARNING:aiogram.dispatcher:Sleep for 4.967105 seconds and try again... (tryings = 67, bot id = 8675249748)
ERROR:aiogram.dispatcher:Failed to fetch updates - TelegramNetworkError: HTTP Client says - ClientConnectorError: Cannot connect to host api.telegram.org:443 ssl:default [None]
WARNING:aiogram.dispatcher:Sleep for 4.999077 seconds and try again... (tryings = 68, bot id = 8675249748)
INFO:aiogram.dispatcher:Connection established (tryings = 69, bot id = 8675249748)
ERROR:aiogram.dispatcher:Failed to fetch updates - TelegramNetworkError: HTTP Client says - ServerDisconnectedError: Server disconnected
WARNING:aiogram.dispatcher:Sleep for 1.000000 seconds and try again... (tryings = 0, bot id = 8675249748)
ERROR:aiogram.dispatcher:Failed to fetch updates - TelegramNetworkError: HTTP Client says - ClientConnectorError: Cannot connect to host api.telegram.org:443 ssl:default [None]
WARNING:aiogram.dispatcher:Sleep for 1.489033 seconds and try again... (tryings = 1, bot id = 8675249748)
ERROR:aiogram.dispatcher:Failed to fetch updates - TelegramNetworkError: HTTP Client says - ClientConnectorError: Cannot connect to host api.telegram.org:443 ssl:default [None]
WARNING:aiogram.dispatcher:Sleep for 2.016515 seconds and try again... (tryings = 2, bot id = 8675249748)
INFO:aiogram.dispatcher:Connection established (tryings = 3, bot id = 8675249748)
INFO:aiogram.dispatcher:Polling stopped
ERROR:aiogram.dispatcher:Failed to fetch updates - TelegramNetworkError: HTTP Client says - ServerDisconnectedError: Server disconnected
WARNING:aiogram.dispatcher:Sleep for 1.000000 seconds and try again... (tryings = 0, bot id = 8675249748)
INFO:aiogram.dispatcher:Polling stopped for bot @the_worldnews_bot id=8675249748 - 'NewsBot'
INFO:aiogram.dispatcher:Start polling
INFO:app.database.config_db:Начало парсинга: vtomske
INFO:app.database.config_db:Начало парсинга: kommersant и 
INFO:app.database.config_db:Начало парсинга: euronews
INFO:httpx:HTTP Request: GET https://vtomske.ru/tag/tomsk "HTTP/1.1 200 OK"
ERROR:app.database.config_db:Ошибка при парсинге: NewsRepo.exists_news_in_database() missing 1 required positional argument: 'news_info'
Traceback (most recent call last):
  File "C:\Users\Acer\OneDrive\Documents\Рабочий стол\Программирование GitHub\my_git\productivity\app\script.py", line 26, in check_vtomske
    await news_repo.exists_news_in_database()
          ^^^^^^^^^^^^^^^^^^^^^^^^^^^^^^^^^^^
TypeError: NewsRepo.exists_news_in_database() missing 1 required positional argument: 'news_info'
INFO:httpx:HTTP Request: GET https://www.kommersant.ru/lenta/news?from=lenta_news "HTTP/1.1 200 OK"
INFO:app.database.config_db:Конец парсинга: kommersant
ERROR:app.database.config_db:Ошибка при парсинге: 
Traceback (most recent call last):
  File "C:\Users\Acer\OneDrive\Documents\Рабочий стол\Программирование GitHub\my_git\productivity\venv\Lib\site-packages\httpx\_transports\default.py", line 101, in map_httpcore_exceptions
    yield
  File "C:\Users\Acer\OneDrive\Documents\Рабочий стол\Программирование GitHub\my_git\productivity\venv\Lib\site-packages\httpx\_transports\default.py", line 394, in handle_async_request
    resp = await self._pool.handle_async_request(req)
           ^^^^^^^^^^^^^^^^^^^^^^^^^^^^^^^^^^^^^^^^^^
  File "C:\Users\Acer\OneDrive\Documents\Рабочий стол\Программирование GitHub\my_git\productivity\venv\Lib\site-packages\httpcore\_async\connection_pool.py", line 256, in handle_async_request
    raise exc from None
  File "C:\Users\Acer\OneDrive\Documents\Рабочий стол\Программирование GitHub\my_git\productivity\venv\Lib\site-packages\httpcore\_async\connection_pool.py", line 236, in handle_async_request
    response = await connection.handle_async_request(
               ^^^^^^^^^^^^^^^^^^^^^^^^^^^^^^^^^^^^^^
  File "C:\Users\Acer\OneDrive\Documents\Рабочий стол\Программирование GitHub\my_git\productivity\venv\Lib\site-packages\httpcore\_async\connection.py", line 101, in handle_async_request
    raise exc
  File "C:\Users\Acer\OneDrive\Documents\Рабочий стол\Программирование GitHub\my_git\productivity\venv\Lib\site-packages\httpcore\_async\connection.py", line 78, in handle_async_request
    stream = await self._connect(request)
             ^^^^^^^^^^^^^^^^^^^^^^^^^^^^
  File "C:\Users\Acer\OneDrive\Documents\Рабочий стол\Программирование GitHub\my_git\productivity\venv\Lib\site-packages\httpcore\_async\connection.py", line 156, in _connect
    stream = await stream.start_tls(**kwargs)
             ^^^^^^^^^^^^^^^^^^^^^^^^^^^^^^^^
  File "C:\Users\Acer\OneDrive\Documents\Рабочий стол\Программирование GitHub\my_git\productivity\venv\Lib\site-packages\httpcore\_backends\anyio.py", line 67, in start_tls
    with map_exceptions(exc_map):
  File "C:\Users\Acer\AppData\Local\Programs\Python\Python311\Lib\contextlib.py", line 155, in __exit__
    self.gen.throw(typ, value, traceback)
  File "C:\Users\Acer\OneDrive\Documents\Рабочий стол\Программирование GitHub\my_git\productivity\venv\Lib\site-packages\httpcore\_exceptions.py", line 14, in map_exceptions
    raise to_exc(exc) from exc
httpcore.ConnectTimeout

The above exception was the direct cause of the following exception:

Traceback (most recent call last):
  File "C:\Users\Acer\OneDrive\Documents\Рабочий стол\Программирование GitHub\my_git\productivity\app\script.py", line 53, in check_euronews
    euronews = await euro_news.parsing_euronews()
               ^^^^^^^^^^^^^^^^^^^^^^^^^^^^^^^^^^
  File "C:\Users\Acer\OneDrive\Documents\Рабочий стол\Программирование GitHub\my_git\productivity\app\news\euronews.py", line 26, in parsing_euronews
    response = await client.get(url)
               ^^^^^^^^^^^^^^^^^^^^^
  File "C:\Users\Acer\OneDrive\Documents\Рабочий стол\Программирование GitHub\my_git\productivity\venv\Lib\site-packages\httpx\_client.py", line 1768, in get
    return await self.request(
           ^^^^^^^^^^^^^^^^^^^
  File "C:\Users\Acer\OneDrive\Documents\Рабочий стол\Программирование GitHub\my_git\productivity\venv\Lib\site-packages\httpx\_client.py", line 1540, in request
    return await self.send(request, auth=auth, follow_redirects=follow_redirects)
           ^^^^^^^^^^^^^^^^^^^^^^^^^^^^^^^^^^^^^^^^^^^^^^^^^^^^^^^^^^^^^^^^^^^^^^
  File "C:\Users\Acer\OneDrive\Documents\Рабочий стол\Программирование GitHub\my_git\productivity\venv\Lib\site-packages\httpx\_client.py", line 1629, in send
    response = await self._send_handling_auth(
               ^^^^^^^^^^^^^^^^^^^^^^^^^^^^^^^
  File "C:\Users\Acer\OneDrive\Documents\Рабочий стол\Программирование GitHub\my_git\productivity\venv\Lib\site-packages\httpx\_client.py", line 1657, in _send_handling_auth
    response = await self._send_handling_redirects(
               ^^^^^^^^^^^^^^^^^^^^^^^^^^^^^^^^^^^^
  File "C:\Users\Acer\OneDrive\Documents\Рабочий стол\Программирование GitHub\my_git\productivity\venv\Lib\site-packages\httpx\_client.py", line 1694, in _send_handling_redirects
    response = await self._send_single_request(request)
               ^^^^^^^^^^^^^^^^^^^^^^^^^^^^^^^^^^^^^^^^
  File "C:\Users\Acer\OneDrive\Documents\Рабочий стол\Программирование GitHub\my_git\productivity\venv\Lib\site-packages\httpx\_client.py", line 1730, in _send_single_request
    response = await transport.handle_async_request(request)
               ^^^^^^^^^^^^^^^^^^^^^^^^^^^^^^^^^^^^^^^^^^^^^
  File "C:\Users\Acer\OneDrive\Documents\Рабочий стол\Программирование GitHub\my_git\productivity\venv\Lib\site-packages\httpx\_transports\default.py", line 393, in handle_async_request
    with map_httpcore_exceptions():
  File "C:\Users\Acer\AppData\Local\Programs\Python\Python311\Lib\contextlib.py", line 155, in __exit__
    self.gen.throw(typ, value, traceback)
  File "C:\Users\Acer\OneDrive\Documents\Рабочий стол\Программирование GitHub\my_git\productivity\venv\Lib\site-packages\httpx\_transports\default.py", line 118, in map_httpcore_exceptions
    raise mapped_exc(message) from exc
httpx.ConnectTimeout
INFO:aiogram.dispatcher:Polling stopped
INFO:aiogram.dispatcher:Start polling
INFO:app.database.config_db:Начало парсинга: vtomske
INFO:app.database.config_db:Начало парсинга: kommersant и 
INFO:app.database.config_db:Начало парсинга: euronews
INFO:httpx:HTTP Request: GET https://vtomske.ru/tag/tomsk "HTTP/1.1 200 OK"
ERROR:app.database.config_db:Ошибка при парсинге: NewsRepo.exists_news_in_database() missing 1 required positional argument: 'news_info'
Traceback (most recent call last):
  File "C:\Users\Acer\OneDrive\Documents\Рабочий стол\Программирование GitHub\my_git\productivity\app\script.py", line 26, in check_vtomske
    await news_repo.exists_news_in_database()
          ^^^^^^^^^^^^^^^^^^^^^^^^^^^^^^^^^^^
TypeError: NewsRepo.exists_news_in_database() missing 1 required positional argument: 'news_info'
INFO:httpx:HTTP Request: GET https://www.kommersant.ru/lenta/news?from=lenta_news "HTTP/1.1 200 OK"
INFO:app.database.config_db:Конец парсинга: kommersant
ERROR:app.database.config_db:Ошибка при парсинге: 
Traceback (most recent call last):
  File "C:\Users\Acer\OneDrive\Documents\Рабочий стол\Программирование GitHub\my_git\productivity\venv\Lib\site-packages\httpx\_transports\default.py", line 101, in map_httpcore_exceptions
    yield
  File "C:\Users\Acer\OneDrive\Documents\Рабочий стол\Программирование GitHub\my_git\productivity\venv\Lib\site-packages\httpx\_transports\default.py", line 394, in handle_async_request
    resp = await self._pool.handle_async_request(req)
           ^^^^^^^^^^^^^^^^^^^^^^^^^^^^^^^^^^^^^^^^^^
  File "C:\Users\Acer\OneDrive\Documents\Рабочий стол\Программирование GitHub\my_git\productivity\venv\Lib\site-packages\httpcore\_async\connection_pool.py", line 256, in handle_async_request
    raise exc from None
  File "C:\Users\Acer\OneDrive\Documents\Рабочий стол\Программирование GitHub\my_git\productivity\venv\Lib\site-packages\httpcore\_async\connection_pool.py", line 236, in handle_async_request
    response = await connection.handle_async_request(
               ^^^^^^^^^^^^^^^^^^^^^^^^^^^^^^^^^^^^^^
  File "C:\Users\Acer\OneDrive\Documents\Рабочий стол\Программирование GitHub\my_git\productivity\venv\Lib\site-packages\httpcore\_async\connection.py", line 101, in handle_async_request
    raise exc
  File "C:\Users\Acer\OneDrive\Documents\Рабочий стол\Программирование GitHub\my_git\productivity\venv\Lib\site-packages\httpcore\_async\connection.py", line 78, in handle_async_request
    stream = await self._connect(request)
             ^^^^^^^^^^^^^^^^^^^^^^^^^^^^
  File "C:\Users\Acer\OneDrive\Documents\Рабочий стол\Программирование GitHub\my_git\productivity\venv\Lib\site-packages\httpcore\_async\connection.py", line 156, in _connect
    stream = await stream.start_tls(**kwargs)
             ^^^^^^^^^^^^^^^^^^^^^^^^^^^^^^^^
  File "C:\Users\Acer\OneDrive\Documents\Рабочий стол\Программирование GitHub\my_git\productivity\venv\Lib\site-packages\httpcore\_backends\anyio.py", line 67, in start_tls
    with map_exceptions(exc_map):
  File "C:\Users\Acer\AppData\Local\Programs\Python\Python311\Lib\contextlib.py", line 155, in __exit__
    self.gen.throw(typ, value, traceback)
  File "C:\Users\Acer\OneDrive\Documents\Рабочий стол\Программирование GitHub\my_git\productivity\venv\Lib\site-packages\httpcore\_exceptions.py", line 14, in map_exceptions
    raise to_exc(exc) from exc
httpcore.ConnectTimeout

The above exception was the direct cause of the following exception:

Traceback (most recent call last):
  File "C:\Users\Acer\OneDrive\Documents\Рабочий стол\Программирование GitHub\my_git\productivity\app\script.py", line 53, in check_euronews
    euronews = await euro_news.parsing_euronews()
               ^^^^^^^^^^^^^^^^^^^^^^^^^^^^^^^^^^
  File "C:\Users\Acer\OneDrive\Documents\Рабочий стол\Программирование GitHub\my_git\productivity\app\news\euronews.py", line 26, in parsing_euronews
    response = await client.get(url)
               ^^^^^^^^^^^^^^^^^^^^^
  File "C:\Users\Acer\OneDrive\Documents\Рабочий стол\Программирование GitHub\my_git\productivity\venv\Lib\site-packages\httpx\_client.py", line 1768, in get
    return await self.request(
           ^^^^^^^^^^^^^^^^^^^
  File "C:\Users\Acer\OneDrive\Documents\Рабочий стол\Программирование GitHub\my_git\productivity\venv\Lib\site-packages\httpx\_client.py", line 1540, in request
    return await self.send(request, auth=auth, follow_redirects=follow_redirects)
           ^^^^^^^^^^^^^^^^^^^^^^^^^^^^^^^^^^^^^^^^^^^^^^^^^^^^^^^^^^^^^^^^^^^^^^
  File "C:\Users\Acer\OneDrive\Documents\Рабочий стол\Программирование GitHub\my_git\productivity\venv\Lib\site-packages\httpx\_client.py", line 1629, in send
    response = await self._send_handling_auth(
               ^^^^^^^^^^^^^^^^^^^^^^^^^^^^^^^
  File "C:\Users\Acer\OneDrive\Documents\Рабочий стол\Программирование GitHub\my_git\productivity\venv\Lib\site-packages\httpx\_client.py", line 1657, in _send_handling_auth
    response = await self._send_handling_redirects(
               ^^^^^^^^^^^^^^^^^^^^^^^^^^^^^^^^^^^^
  File "C:\Users\Acer\OneDrive\Documents\Рабочий стол\Программирование GitHub\my_git\productivity\venv\Lib\site-packages\httpx\_client.py", line 1694, in _send_handling_redirects
    response = await self._send_single_request(request)
               ^^^^^^^^^^^^^^^^^^^^^^^^^^^^^^^^^^^^^^^^
  File "C:\Users\Acer\OneDrive\Documents\Рабочий стол\Программирование GitHub\my_git\productivity\venv\Lib\site-packages\httpx\_client.py", line 1730, in _send_single_request
    response = await transport.handle_async_request(request)
               ^^^^^^^^^^^^^^^^^^^^^^^^^^^^^^^^^^^^^^^^^^^^^
  File "C:\Users\Acer\OneDrive\Documents\Рабочий стол\Программирование GitHub\my_git\productivity\venv\Lib\site-packages\httpx\_transports\default.py", line 393, in handle_async_request
    with map_httpcore_exceptions():
  File "C:\Users\Acer\AppData\Local\Programs\Python\Python311\Lib\contextlib.py", line 155, in __exit__
    self.gen.throw(typ, value, traceback)
  File "C:\Users\Acer\OneDrive\Documents\Рабочий стол\Программирование GitHub\my_git\productivity\venv\Lib\site-packages\httpx\_transports\default.py", line 118, in map_httpcore_exceptions
    raise mapped_exc(message) from exc
httpx.ConnectTimeout
INFO:aiogram.dispatcher:Polling stopped
